Indicador,Data,Suavizada,Media,Mediana,DesvioPadrao,Minimo,Maximo,numeroRespondentes,baseCalculo,DataReferencia
IPCA,2021-03-31,S,3.639,3.4556,0.4253,3.0496,4.9011,27,1,2022-01-02
IPCA,2021-03-31,N,3.6336,3.5665,0.3524,3.1539,4.7499,28,1,2022-01-09
IPCA,2021-03-31,S,3.5654,3.4883,0.3613,2.2527,4.9011,63,0,2022-01-16
IPCA,2021-03-31,N,3.5528,3.4947,0.3225,2.2675,4.7499,75,0,2022-01-23
IPCA,2021-04-01,S,3.7099,3.6167,0.4461,3.0447,4.9083,24,1,2022-01-30
IPCA,2021-04-01,N,3.6929,3.608,0.3599,3.1539,4.7499,25,1,2022-02-06
IPCA,2021-04-01,S,3.566,3.4875,0.3634,2.252,4.9083,63,0,2022-02-13
IPCA,2021-04-01,N,3.5528,3.4947,0.3225,2.2675,4.7499,75,0,2022-02-20
IPCA,2021-04-05,S,3.7854,3.6554,0.4958,3.22,4.9371,18,1,2022-02-27
IPCA,2021-04-05,N,3.7246,3.6184,0.3968,2.9896,4.7499,20,1,2022-03-06
IPCA,2021-04-05,S,3.5681,3.4847,0.3725,2.2492,4.9371,63,0,2022-03-13
IPCA,2021-04-05,N,3.5593,3.5032,0.3246,2.2675,4.7499,73,0,2022-03-20
IPCA,2021-04-06,S,3.6709,3.454,0.5238,2.8856,4.9443,16,1,2022-03-27
IPCA,2021-04-06,N,3.6477,3.5819,0.4314,2.9896,4.7499,18,1,2022-04-03
IPCA,2021-04-06,S,3.5579,3.4795,0.3815,2.2485,4.9443,64,0,2022-04-10
IPCA,2021-04-06,N,3.5518,3.499,0.3288,2.2675,4.7499,74,0,2022-04-17
IPCA,2021-04-07,S,3.4673,3.4295,0.2684,2.8813,4.1921,16,1,2022-04-24
IPCA,2021-04-07,N,3.4809,3.4939,0.2329,2.9896,4.032,17,1,2022-05-01
IPCA,2021-04-07,S,3.5584,3.4794,0.3841,2.2478,4.9515,64,0,2022-05-08
IPCA,2021-04-07,N,3.5518,3.499,0.3288,2.2675,4.7499,74,0,2022-05-15
IPCA,2021-04-08,S,3.4548,3.4272,0.2786,2.8771,4.1979,14,1,2022-05-22
IPCA,2021-04-08,N,3.4645,3.489,0.2332,2.9896,4.032,16,1,2022-05-29
IPCA,2021-04-08,S,3.5588,3.4794,0.3866,2.2471,4.9587,64,0,2022-06-05
IPCA,2021-04-08,N,3.5518,3.499,0.3288,2.2675,4.7499,74,0,2022-06-12
IPCA,2021-04-09,S,3.5398,3.4316,0.292,3.0036,4.0773,11,1,2022-06-19
IPCA,2021-04-09,N,3.4683,3.4324,0.2801,2.8771,4.0737,19,1,2022-06-26
IPCA,2021-04-09,S,3.5398,3.4316,0.292,3.0036,4.0773,11,0,2022-07-03
IPCA,2021-04-09,N,3.5595,3.4826,0.3935,2.2471,4.9587,65,0,2022-07-10
IPCA,2021-04-12,S,3.6291,3.5098,0.4017,2.9844,4.9849,19,1,2022-07-17
IPCA,2021-04-12,N,3.557,3.4529,0.3872,2.8771,4.9587,25,1,2022-07-24
IPCA,2021-04-12,S,3.6291,3.5098,0.4017,2.9844,4.9849,19,0,2022-07-31
IPCA,2021-04-12,N,3.5628,3.4684,0.4144,2.2471,4.9587,56,0,2022-08-07
IPCA,2021-04-13,S,3.6448,3.6358,0.3697,2.9779,4.9914,23,1,2022-08-14
IPCA,2021-04-13,N,3.6044,3.5609,0.3455,3.01,4.9587,28,1,2022-08-21
IPCA,2021-04-13,S,3.6448,3.6358,0.3697,2.9779,4.9914,23,0,2022-08-28
IPCA,2021-04-13,N,3.5691,3.4761,0.4047,2.2471,4.9587,59,0,2022-09-04
IPCA,2021-04-14,S,3.6515,3.6397,0.3655,2.9715,4.998,24,1,2022-09-11
IPCA,2021-04-14,N,3.6322,3.639,0.3443,3.01,4.9587,27,1,2022-09-18
IPCA,2021-04-14,S,3.6515,3.6397,0.3655,2.9715,4.998,24,0,2022-09-25
IPCA,2021-04-14,N,3.5732,3.4904,0.4025,2.2471,4.9587,60,0,2022-10-02
IPCA,2021-04-15,S,3.6588,3.6373,0.3659,2.9651,5.0045,26,1,2022-10-09
IPCA,2021-04-15,N,3.6374,3.6281,0.3384,3.01,4.9587,30,1,2022-10-16
IPCA,2021-04-15,S,3.6588,3.6373,0.3659,2.9651,5.0045,26,0,2022-10-23
IPCA,2021-04-15,N,3.5713,3.5047,0.3903,2.2471,4.9587,58,0,2022-10-30
IPCA,2021-04-16,S,3.6524,3.6338,0.3399,3.2108,5.011,25,1,2022-11-06
IPCA,2021-04-16,N,3.6206,3.6053,0.3138,3.2467,4.9587,31,1,2022-11-13
IPCA,2021-04-16,S,3.614,3.5911,0.3487,2.9587,5.011,31,0,2022-11-20
IPCA,2021-04-16,N,3.5633,3.5047,0.3736,2.2471,4.9587,63,0,2022-11-27
IPCA,2021-04-19,S,3.6138,3.6127,0.2473,3.1973,4.201,24,1,2022-12-04
IPCA,2021-04-19,N,3.5943,3.5745,0.2385,3.2467,4.2082,30,1,2022-12-11
IPCA,2021-04-19,S,3.63,3.6017,0.3511,2.9394,5.0306,36,0,2022-12-18
IPCA,2021-04-19,N,3.6039,3.5455,0.3473,2.8771,4.9587,60,0,2022-12-25
IPCA,2021-04-20,S,3.575,3.5402,0.2657,3.1928,4.2004,21,1,2023-01-01
IPCA,2021-04-20,N,3.5648,3.5047,0.2506,3.2467,4.2082,27,1,2023-01-08
IPCA,2021-04-20,S,3.6197,3.5934,0.3526,2.933,5.0372,37,0,2023-01-15
IPCA,2021-04-20,N,3.601,3.5455,0.3491,2.8771,4.9587,60,0,2023-01-22
IPCA,2021-04-22,S,3.5752,3.4922,0.2897,3.1839,4.204,24,1,2023-01-29
IPCA,2021-04-22,N,3.5714,3.4893,0.2744,3.2467,4.2495,30,1,2023-02-05
IPCA,2021-04-22,S,3.6229,3.5934,0.3647,2.9202,5.0503,39,0,2023-02-12
IPCA,2021-04-22,N,3.6047,3.5354,0.3587,2.8771,4.9587,61,0,2023-02-19
IPCA,2021-04-23,S,3.5883,3.5187,0.4197,2.9138,5.7171,59,1,2023-02-26
IPCA,2021-04-23,N,3.603,3.5144,0.4062,3.01,5.7171,62,1,2023-03-05
IPCA,2021-04-23,S,3.6215,3.5247,0.4442,2.9138,5.7171,65,0,2023-03-12
IPCA,2021-04-23,N,3.6217,3.515,0.4196,2.8771,5.7171,75,0,2023-03-19
IPCA,2021-04-26,S,3.5803,3.5047,0.4226,2.8946,5.7171,59,1,2023-03-26
IPCA,2021-04-26,N,3.5965,3.4893,0.4136,3.01,5.7171,60,1,2023-04-02
IPCA,2021-04-26,S,3.6141,3.5273,0.4449,2.8946,5.7171,66,0,2023-04-09
IPCA,2021-04-26,N,3.62,3.515,0.4205,2.8771,5.7171,75,0,2023-04-16
IPCA,2021-04-27,S,3.5659,3.4398,0.4191,2.8881,5.7171,60,1,2023-04-23
IPCA,2021-04-27,N,3.5857,3.4635,0.4117,3.01,5.7171,60,1,2023-04-30
IPCA,2021-04-27,S,3.6054,3.52,0.4373,2.8881,5.7171,69,0,2023-05-07
IPCA,2021-04-27,N,3.6185,3.5144,0.4176,2.8771,5.7171,76,0,2023-05-14
IPCA,2021-04-28,S,3.5952,3.4421,0.4609,2.8817,5.7171,60,1,2023-05-21
IPCA,2021-04-28,N,3.6133,3.4687,0.4459,3.01,5.7171,60,1,2023-05-28
IPCA,2021-04-28,S,3.6045,3.5203,0.4381,2.8817,5.7171,69,0,2023-06-04
IPCA,2021-04-28,N,3.6185,3.5144,0.4176,2.8771,5.7171,76,0,2023-06-11
IPCA,2021-04-29,S,3.6041,3.5047,0.4589,2.8753,5.7171,59,1,2023-06-18
IPCA,2021-04-29,N,3.6228,3.5047,0.4422,3.01,5.7171,59,1,2023-06-25
IPCA,2021-04-29,S,3.6089,3.5246,0.438,2.8753,5.7171,70,0,2023-07-02
IPCA,2021-04-29,N,3.617,3.5144,0.4162,2.8771,5.7171,76,0,2023-07-09
IPCA,2021-04-30,S,3.6458,3.5731,0.46,2.8689,5.7171,55,1,2023-07-16
IPCA,2021-04-30,N,3.6615,3.5864,0.4393,3.01,5.7171,55,1,2023-07-23
IPCA,2021-04-30,S,3.6136,3.5292,0.4324,2.8689,5.7171,71,0,2023-07-30
IPCA,2021-04-30,N,3.6209,3.5252,0.4127,2.8771,5.7171,76,0,2023-08-06
IPCA,2021-05-03,S,3.6447,3.5674,0.4628,2.8497,5.7171,55,1,2023-08-13
IPCA,2021-05-03,N,3.6616,3.5864,0.4393,3.01,5.7171,55,1,2023-08-20
IPCA,2021-05-03,S,3.6112,3.5311,0.435,2.8497,5.7171,71,0,2023-08-27
IPCA,2021-05-03,N,3.6194,3.515,0.4152,2.8771,5.7171,75,0,2023-09-03
IPCA,2021-05-04,S,3.668,3.589,0.4613,3.0685,5.7171,52,1,2023-09-10
IPCA,2021-05-04,N,3.6863,3.5953,0.4372,3.1019,5.7171,52,1,2023-09-17
IPCA,2021-05-04,S,3.6104,3.5318,0.4359,2.8433,5.7171,71,0,2023-09-24
IPCA,2021-05-04,N,3.6194,3.515,0.4152,2.8771,5.7171,75,0,2023-10-01
IPCA,2021-05-05,S,3.6281,3.5636,0.4196,3.0672,5.7171,49,1,2023-10-08
IPCA,2021-05-05,N,3.6496,3.5864,0.4098,3.1019,5.7171,49,1,2023-10-15
IPCA,2021-05-05,S,3.6096,3.5324,0.4368,2.8369,5.7171,71,0,2023-10-22
IPCA,2021-05-05,N,3.6194,3.515,0.4152,2.8771,5.7171,75,0,2023-10-29
IPCA,2021-05-06,S,3.6361,3.5719,0.4199,3.0659,5.7171,48,1,2023-11-05
IPCA,2021-05-06,N,3.6568,3.5899,0.4111,3.1019,5.7171,48,1,2023-11-12
IPCA,2021-05-06,S,3.6055,3.528,0.4355,2.8305,5.7171,72,0,2023-11-19
IPCA,2021-05-06,N,3.6165,3.5144,0.4133,2.8771,5.7171,76,0,2023-11-26
IPCA,2021-05-07,S,3.5514,3.5315,0.2137,3.1623,4.0084,19,1,2023-12-03
IPCA,2021-05-07,N,3.5511,3.5048,0.2329,3.1437,4.0836,19,1,2023-12-10
IPCA,2021-05-07,S,3.6087,3.5274,0.4337,2.8241,5.7171,74,0,2023-12-17
IPCA,2021-05-07,N,3.6266,3.5093,0.4076,3.01,5.7171,76,0,2023-12-24
IPCA,2021-05-10,S,3.6187,3.5343,0.408,3.1642,5.168,23,1,2023-12-31
IPCA,2021-05-10,N,3.6207,3.5048,0.3767,3.1437,4.9587,23,1,2024-01-07
IPCA,2021-05-10,S,3.6063,3.5343,0.4336,2.8048,5.7171,75,0,2024-01-14
IPCA,2021-05-10,N,3.6293,3.5144,0.407,3.01,5.7171,76,0,2024-01-21
IPCA,2021-05-11,S,3.5641,3.5289,0.1063,3.4581,3.7405,4,1,2024-01-28
IPCA,2021-05-11,N,3.5788,3.5247,0.4014,2.8048,5.168,28,1,2024-02-04
IPCA,2021-05-11,S,3.5641,3.5289,0.1063,3.4581,3.7405,4,0,2024-02-11
IPCA,2021-05-11,N,3.6069,3.5343,0.4331,2.8048,5.7171,75,0,2024-02-18
IPCA,2021-05-12,S,3.6786,3.5912,0.3357,3.2767,4.4739,8,1,2024-02-25
IPCA,2021-05-12,N,3.6124,3.5401,0.4246,2.8048,5.168,34,1,2024-03-03
IPCA,2021-05-12,S,3.6786,3.5912,0.3357,3.2767,4.4739,8,0,2024-03-10
IPCA,2021-05-12,N,3.6127,3.5356,0.4345,2.8048,5.7171,77,0,2024-03-17
IPCA,2021-05-13,S,3.7142,3.5898,0.3374,3.2759,4.4714,12,1,2024-03-24
IPCA,2021-05-13,N,3.6437,3.5662,0.4262,2.8048,5.168,36,1,2024-03-31
IPCA,2021-05-13,S,3.7142,3.5898,0.3374,3.2759,4.4714,12,0,2024-04-07
IPCA,2021-05-13,N,3.6093,3.535,0.4288,2.8048,5.7171,78,0,2024-04-14
IPCA,2021-05-14,S,3.6244,3.5092,0.3103,3.2479,4.4689,20,1,2024-04-21
IPCA,2021-05-14,N,3.5894,3.5042,0.407,2.8048,5.168,41,1,2024-04-28
IPCA,2021-05-14,S,3.6244,3.5092,0.3103,3.2479,4.4689,20,0,2024-05-05
IPCA,2021-05-14,N,3.6006,3.5147,0.4313,2.8048,5.7171,78,0,2024-05-12
IPCA,2021-05-17,S,3.6015,3.4981,0.3057,3.2489,4.4613,22,1,2024-05-19
IPCA,2021-05-17,N,3.5431,3.4529,0.3315,2.8048,4.4789,35,1,2024-05-26
IPCA,2021-05-17,S,3.6015,3.4981,0.3057,3.2489,4.4613,22,0,2024-06-02
IPCA,2021-05-17,N,3.6006,3.5147,0.4313,2.8048,5.7171,78,0,2024-06-09
IPCA,2021-05-18,S,3.6095,3.4896,0.321,3.2643,4.4588,19,1,2024-06-16
IPCA,2021-05-18,N,3.5604,3.4373,0.3252,3.1436,4.4789,30,1,2024-06-23
IPCA,2021-05-18,S,3.6066,3.5001,0.3006,3.2643,4.4588,22,0,2024-06-30
IPCA,2021-05-18,N,3.602,3.5147,0.4302,2.8048,5.7171,78,0,2024-07-07
IPCA,2021-05-19,S,3.5669,3.4863,0.2633,3.2639,4.2552,18,1,2024-07-14
IPCA,2021-05-19,N,3.5148,3.4218,0.2439,3.1436,4.2391,27,1,2024-07-21
IPCA,2021-05-19,S,3.6182,3.5083,0.2927,3.2639,4.4563,24,0,2024-07-28
IPCA,2021-05-19,N,3.6109,3.5196,0.4287,2.8048,5.7171,78,0,2024-08-04
IPCA,2021-05-20,S,3.6193,3.4973,0.2974,3.2635,4.2937,16,1,2024-08-11
IPCA,2021-05-20,N,3.5565,3.4527,0.3034,3.1436,4.2908,25,1,2024-08-18
IPCA,2021-05-20,S,3.6441,3.5145,0.3096,3.2635,4.4538,26,0,2024-08-25
IPCA,2021-05-20,N,3.6184,3.5196,0.4353,2.8048,5.7171,78,0,2024-09-01
IPCA,2021-05-21,S,3.6626,3.5424,0.345,3.215,4.4991,25,1,2024-09-08
IPCA,2021-05-21,N,3.6213,3.5096,0.3644,3.1642,4.5307,30,1,2024-09-15
IPCA,2021-05-21,S,3.6469,3.5146,0.3354,3.215,4.4991,37,0,2024-09-22
IPCA,2021-05-21,N,3.6362,3.5293,0.4496,2.8048,5.7171,78,0,2024-09-29
IPCA,2021-05-24,S,3.6484,3.5329,0.3254,3.2288,4.4905,28,1,2024-10-06
IPCA,2021-05-24,N,3.611,3.4808,0.3479,3.1642,4.5307,33,1,2024-10-13
IPCA,2021-05-24,S,3.6285,3.5063,0.3225,3.2288,4.4905,41,0,2024-10-20
IPCA,2021-05-24,N,3.6407,3.5302,0.4492,2.8048,5.7171,75,0,2024-10-27
IPCA,2021-05-25,S,3.6738,3.541,0.3311,3.2334,4.4876,28,1,2024-11-03
IPCA,2021-05-25,N,3.5971,3.4808,0.3776,2.8048,4.5307,35,1,2024-11-10
IPCA,2021-05-25,S,3.6369,3.5063,0.3305,3.2334,4.4876,41,0,2024-11-17
IPCA,2021-05-25,N,3.6452,3.5302,0.4523,2.8048,5.7171,75,0,2024-11-24
IPCA,2021-05-26,S,3.7024,3.542,0.4239,3.1977,5.1391,30,1,2024-12-01
IPCA,2021-05-26,N,3.6257,3.5025,0.4449,2.8048,5.168,38,1,2024-12-08
IPCA,2021-05-26,S,3.663,3.5096,0.3964,3.1977,5.1391,44,0,2024-12-15
IPCA,2021-05-26,N,3.642,3.5272,0.4521,2.8048,5.7171,76,0,2024-12-22
IPCA,2021-05-27,N,3.6034,3.4769,0.442,2.8048,5.168,34,1,2024-12-29
IPCA,2021-05-27,S,3.6865,3.539,0.4225,3.1959,5.1373,28,1,2025-01-05
IPCA,2021-05-27,N,3.642,3.5272,0.4521,2.8048,5.7171,76,0,2025-01-12
IPCA,2021-05-27,S,3.6626,3.5112,0.396,3.1959,5.1373,44,0,2025-01-19
IPCA,2021-05-28,N,3.5928,3.4808,0.4143,2.8048,5.168,33,1,2025-01-26
IPCA,2021-05-28,S,3.6798,3.5484,0.3965,3.1941,5.1355,26,1,2025-02-02
IPCA,2021-05-28,N,3.6524,3.5462,0.444,2.8048,5.7171,77,0,2025-02-09
IPCA,2021-05-28,S,3.6763,3.5405,0.3837,3.1941,5.1355,46,0,2025-02-16
IPCA,2021-05-31,S,3.7921,3.6418,0.5289,3.1888,5.7171,30,1,2025-02-23
IPCA,2021-05-31,N,3.6953,3.6181,0.5382,2.8048,5.7171,37,1,2025-03-02
IPCA,2021-05-31,S,3.7292,3.5973,0.4698,3.1888,5.7171,52,0,2025-03-09
IPCA,2021-05-31,N,3.6709,3.5569,0.4641,2.8048,5.7171,69,0,2025-03-16
IPCA,2021-06-01,S,3.8146,3.6472,0.5261,3.187,5.7171,30,1,2025-03-23
IPCA,2021-06-01,N,3.7253,3.639,0.5329,2.8048,5.7171,37,1,2025-03-30
IPCA,2021-06-01,S,3.7328,3.6235,0.4662,3.187,5.7171,53,0,2025-04-06
IPCA,2021-06-01,N,3.6748,3.577,0.462,2.8048,5.7171,70,0,2025-04-13
IPCA,2021-06-02,S,3.8105,3.6411,0.5226,3.2704,5.7171,30,1,2025-04-20
IPCA,2021-06-02,N,3.7306,3.639,0.5255,2.8048,5.7171,37,1,2025-04-27
IPCA,2021-06-02,S,3.732,3.6225,0.4662,3.1853,5.7171,53,0,2025-05-04
IPCA,2021-06-02,N,3.6769,3.577,0.4599,2.8048,5.7171,70,0,2025-05-11
IPCA,2021-06-04,S,3.7808,3.6403,0.4989,3.2796,5.7171,34,1,2025-05-18
IPCA,2021-06-04,N,3.71,3.6285,0.4988,2.8048,5.7171,42,1,2025-05-25
IPCA,2021-06-04,S,3.7234,3.6033,0.4555,3.1817,5.7171,56,0,2025-06-01
IPCA,2021-06-04,N,3.6754,3.5569,0.4507,2.8048,5.7171,73,0,2025-06-08
IPCA,2021-06-07,S,3.7918,3.6396,0.5182,3.3315,5.7171,29,1,2025-06-15
IPCA,2021-06-07,N,3.7417,3.639,0.5177,2.8048,5.7171,34,1,2025-06-22
IPCA,2021-06-07,S,3.7235,3.6171,0.4515,3.1764,5.7171,57,0,2025-06-29
IPCA,2021-06-07,N,3.6809,3.577,0.4533,2.8048,5.7171,72,0,2025-07-06
IPCA,2021-06-08,S,3.7143,3.6384,0.3692,3.3297,5.1157,24,1,2025-07-13
IPCA,2021-06-08,N,3.6912,3.6389,0.4017,2.8048,5.168,30,1,2025-07-20
IPCA,2021-06-08,S,3.7229,3.616,0.4514,3.1746,5.7171,57,0,2025-07-27
IPCA,2021-06-08,N,3.6809,3.577,0.4533,2.8048,5.7171,72,0,2025-08-03
IPCA,2021-06-09,N,3.7217,3.6378,0.3632,3.3297,5.1157,29,1,2025-08-10
IPCA,2021-06-09,S,3.8514,3.6597,0.5173,3.4644,5.1157,8,1,2025-08-17
IPCA,2021-06-09,N,3.7378,3.6286,0.4494,3.1746,5.7171,59,0,2025-08-24
IPCA,2021-06-09,S,3.8514,3.6597,0.5173,3.4644,5.1157,8,0,2025-08-31
IPCA,2021-06-10,S,3.8456,3.6301,0.652,3.2546,5.7171,15,1,2025-09-07
IPCA,2021-06-10,N,3.7686,3.6333,0.4926,3.2575,5.7171,36,1,2025-09-14
IPCA,2021-06-10,S,3.8456,3.6301,0.652,3.2546,5.7171,15,0,2025-09-21
IPCA,2021-06-10,N,3.7425,3.6286,0.4466,3.1746,5.7171,59,0,2025-09-28
IPCA,2021-06-11,S,3.7114,3.618,0.3742,3.2532,5.1157,47,1,2025-10-05
IPCA,2021-06-11,N,3.6835,3.6176,0.3432,3.256,5.1157,60,1,2025-10-12
IPCA,2021-06-11,S,3.7114,3.618,0.3742,3.2532,5.1157,47,0,2025-10-19
IPCA,2021-06-11,N,3.6962,3.6177,0.3444,3.1746,5.1157,73,0,2025-10-26
IPCA,2021-06-14,N,3.6861,3.6174,0.3463,3.256,5.1157,59,1,2025-11-02
IPCA,2021-06-14,S,3.7043,3.6181,0.3705,3.2489,5.1157,49,1,2025-11-09
IPCA,2021-06-14,N,3.688,3.6177,0.3377,3.1746,5.1157,71,0,2025-11-16
IPCA,2021-06-14,S,3.7043,3.6181,0.3705,3.2489,5.1157,49,0,2025-11-23
IPCA,2021-06-15,N,3.6852,3.6174,0.3507,3.256,5.1157,57,1,2025-11-30
IPCA,2021-06-15,S,3.7037,3.6144,0.3709,3.2475,5.1157,49,1,2025-12-07
IPCA,2021-06-15,N,3.688,3.6177,0.3377,3.1746,5.1157,71,0,2025-12-14
IPCA,2021-06-15,S,3.7037,3.6144,0.3709,3.2475,5.1157,49,0,2025-12-21
IPCA,2021-06-16,N,3.691,3.6176,0.3581,3.256,5.1157,54,1,2025-12-28
IPCA,2021-06-16,S,3.7104,3.6149,0.3808,3.2461,5.1157,46,1,2026-01-04
IPCA,2021-06-16,N,3.688,3.6177,0.3377,3.1746,5.1157,71,0,2026-01-11
IPCA,2021-06-16,S,3.7031,3.6117,0.3713,3.2461,5.1157,49,0,2026-01-18
IPCA,2021-06-17,N,3.6988,3.6177,0.3553,3.256,5.1157,55,1,2026-01-25
IPCA,2021-06-17,S,3.7049,3.6077,0.3716,3.2543,5.1157,48,1,2026-02-01
IPCA,2021-06-17,N,3.6883,3.6176,0.3386,3.1746,5.1157,72,0,2026-02-08
IPCA,2021-06-17,S,3.6938,3.6044,0.3668,3.2447,5.1157,51,0,2026-02-15
IPCA,2021-06-18,N,3.712,3.6075,0.3749,3.0813,5.1157,33,1,2026-02-22
IPCA,2021-06-18,S,3.677,3.5647,0.392,3.0777,5.1157,27,1,2026-03-01
IPCA,2021-06-18,N,3.693,3.6148,0.3513,3.0813,5.1157,72,0,2026-03-08
IPCA,2021-06-18,S,3.7002,3.5927,0.3747,3.0777,5.1157,54,0,2026-03-15
IPCA,2021-06-21,N,3.7141,3.6075,0.37,3.0813,5.1157,34,1,2026-03-22
IPCA,2021-06-21,S,3.6781,3.5387,0.4019,3.0767,5.1157,26,1,2026-03-29
IPCA,2021-06-21,N,3.7002,3.6155,0.3525,3.0813,5.1157,72,0,2026-04-05
IPCA,2021-06-21,S,3.7022,3.5845,0.3731,3.0767,5.1157,55,0,2026-04-12
IPCA,2021-06-22,S,3.6615,3.5196,0.3925,3.0763,5.1157,28,1,2026-04-19
IPCA,2021-06-22,N,3.7027,3.5974,0.3626,3.0813,5.1157,36,1,2026-04-26
IPCA,2021-06-22,S,3.6747,3.5706,0.3465,3.0763,5.1157,56,0,2026-05-03
IPCA,2021-06-22,N,3.6831,3.6105,0.3319,3.0813,5.1157,72,0,2026-05-10
IPCA,2021-06-23,S,3.6646,3.5433,0.3929,3.076,5.1157,31,1,2026-05-17
IPCA,2021-06-23,N,3.7033,3.6075,0.3647,3.0813,5.1157,39,1,2026-05-24
IPCA,2021-06-23,S,3.6848,3.5745,0.3503,3.076,5.1157,57,0,2026-05-31
IPCA,2021-06-23,N,3.6866,3.6155,0.3337,3.0813,5.1157,72,0,2026-06-07
IPCA,2021-06-24,S,3.6618,3.5476,0.3875,3.0756,5.1157,32,1,2026-06-14
IPCA,2021-06-24,N,3.6912,3.6075,0.3612,3.0813,5.1157,39,1,2026-06-21
IPCA,2021-06-24,S,3.6835,3.5695,0.3509,3.0756,5.1157,57,0,2026-06-28
IPCA,2021-06-24,N,3.691,3.6174,0.3337,3.0813,5.1157,71,0,2026-07-05
IPCA,2021-06-25,S,3.7057,3.5402,0.3849,3.1358,5.1157,36,1,2026-07-12
IPCA,2021-06-25,N,3.7276,3.6075,0.3648,3.1538,5.1157,41,1,2026-07-19
IPCA,2021-06-25,S,3.6707,3.5637,0.3444,3.0753,5.1157,62,0,2026-07-26
IPCA,2021-06-25,N,3.6873,3.6075,0.336,3.0813,5.1157,73,0,2026-08-02
IPCA,2021-06-28,N,3.6909,3.5564,0.371,3.1538,5.1157,41,1,2026-08-09
IPCA,2021-06-28,S,3.6589,3.5138,0.3761,3.1326,5.1157,39,1,2026-08-16
IPCA,2021-06-28,N,3.693,3.6125,0.3288,3.0813,5.1157,74,0,2026-08-23
IPCA,2021-06-28,S,3.6668,3.557,0.3409,3.0742,5.1157,64,0,2026-08-30
IPCA,2021-06-29,N,3.7008,3.5872,0.3779,3.1538,5.1157,39,1,2026-09-06
IPCA,2021-06-29,S,3.6686,3.532,0.3769,3.1315,5.1157,38,1,2026-09-13
IPCA,2021-06-29,N,3.693,3.6125,0.3288,3.0813,5.1157,74,0,2026-09-20
IPCA,2021-06-29,S,3.6657,3.5563,0.3414,3.0738,5.1157,64,0,2026-09-27
IPCA,2021-06-30,N,3.6977,3.5559,0.3777,3.2575,5.1157,40,1,2026-10-04
IPCA,2021-06-30,S,3.6512,3.5168,0.3682,3.2262,5.1157,38,1,2026-10-11
IPCA,2021-06-30,N,3.6872,3.6021,0.3323,3.0813,5.1157,74,0,2026-10-18
IPCA,2021-06-30,S,3.6572,3.5554,0.3437,3.0735,5.1157,65,0,2026-10-25
IPCA,2021-07-01,N,3.7104,3.5718,0.3841,3.2575,5.1157,38,1,2026-11-01
IPCA,2021-07-01,S,3.6606,3.5328,0.3754,3.2248,5.1157,36,1,2026-11-08
IPCA,2021-07-01,N,3.6872,3.6021,0.3323,3.0813,5.1157,74,0,2026-11-15
IPCA,2021-07-01,S,3.6562,3.5542,0.3443,3.0731,5.1157,65,0,2026-11-22
IPCA,2021-07-02,N,3.7077,3.6075,0.3872,3.2575,5.1157,25,1,2026-11-29
IPCA,2021-07-02,S,3.669,3.5649,0.3971,3.2234,5.1157,23,1,2026-12-06
IPCA,2021-07-02,N,3.6807,3.6021,0.3275,3.0813,5.1157,74,0,2026-12-13
IPCA,2021-07-02,S,3.6504,3.5554,0.3343,3.0728,5.1157,65,0,2026-12-20
IPCA,2021-07-05,S,3.6649,3.5752,0.4082,3.1251,5.1157,25,1,2026-12-27
IPCA,2021-07-05,N,3.7029,3.6075,0.3971,3.1538,5.1157,27,1,2027-01-03
IPCA,2021-07-05,S,3.6485,3.566,0.3358,3.0717,5.1157,65,0,2027-01-10
IPCA,2021-07-05,N,3.6812,3.6021,0.3276,3.0813,5.1157,74,0,2027-01-17
IPCA,2021-07-06,S,3.6732,3.6005,0.3843,3.1241,5.1157,29,1,2027-01-24
IPCA,2021-07-06,N,3.7017,3.6134,0.3707,3.1538,5.1157,32,1,2027-01-31
IPCA,2021-07-06,S,3.6528,3.5736,0.333,3.0713,5.1157,67,0,2027-02-07
IPCA,2021-07-06,N,3.6842,3.6075,0.3269,3.0813,5.1157,75,0,2027-02-14
IPCA,2021-07-07,N,3.7263,3.624,0.3872,3.1538,5.1157,32,1,2027-02-21
IPCA,2021-07-07,S,3.6949,3.5973,0.4097,3.123,5.1157,29,1,2027-02-28
IPCA,2021-07-07,N,3.6844,3.6075,0.3268,3.0813,5.1157,75,0,2027-03-07
IPCA,2021-07-07,S,3.6519,3.572,0.3334,3.071,5.1157,67,0,2027-03-14
IPCA,2021-07-08,N,3.5814,3.5148,0.3252,2.9381,4.4472,35,1,2027-03-21
IPCA,2021-07-08,S,3.4023,3.441,0.2292,2.9319,3.7137,7,1,2027-03-28
IPCA,2021-07-08,N,3.6304,3.5554,0.343,2.9381,5.1157,69,0,2027-04-04
IPCA,2021-07-08,S,3.4023,3.441,0.2292,2.9319,3.7137,7,0,2027-04-11
IPCA,2021-07-09,S,3.4625,3.4405,0.2713,2.9257,4.1365,12,1,2027-04-18
IPCA,2021-07-09,N,3.5997,3.5146,0.3295,2.9381,4.4472,32,1,2027-04-25
IPCA,2021-07-09,S,3.4625,3.4405,0.2713,2.9257,4.1365,12,0,2027-05-02
IPCA,2021-07-09,N,3.6388,3.5457,0.3434,2.9381,5.1157,69,0,2027-05-09
IPCA,2021-07-12,S,3.6184,3.5328,0.389,2.907,4.726,21,1,2027-05-16
IPCA,2021-07-12,N,3.6243,3.5562,0.3604,2.9381,4.7497,35,1,2027-05-23
IPCA,2021-07-12,S,3.6184,3.5328,0.389,2.907,4.726,21,0,2027-05-30
IPCA,2021-07-12,N,3.6573,3.5563,0.3701,2.9381,5.1157,67,0,2027-06-06
IPCA,2021-07-13,S,3.6159,3.5362,0.3797,2.9008,4.7212,22,1,2027-06-13
IPCA,2021-07-13,N,3.5855,3.5146,0.3482,2.9381,4.7497,32,1,2027-06-20
IPCA,2021-07-13,S,3.6159,3.5362,0.3797,2.9008,4.7212,22,0,2027-06-27
IPCA,2021-07-13,N,3.6573,3.5563,0.3701,2.9381,5.1157,67,0,2027-07-04
IPCA,2021-07-14,S,3.6071,3.5278,0.3723,2.8945,4.7165,23,1,2027-07-11
IPCA,2021-07-14,N,3.588,3.5146,0.3398,2.9381,4.7497,34,1,2027-07-18
IPCA,2021-07-14,S,3.6071,3.5278,0.3723,2.8945,4.7165,23,0,2027-07-25
IPCA,2021-07-14,N,3.6548,3.5563,0.3679,2.9381,5.1157,68,0,2027-08-01
IPCA,2021-07-15,S,3.6964,3.5564,0.3685,3.2499,4.7117,17,1,2027-08-08
IPCA,2021-07-15,N,3.6692,3.5564,0.3273,3.2774,4.7497,26,1,2027-08-15
IPCA,2021-07-15,S,3.6047,3.5278,0.3721,2.8883,4.7117,23,0,2027-08-22
IPCA,2021-07-15,N,3.6493,3.5562,0.3679,2.9381,5.1157,67,0,2027-08-29
IPCA,2021-07-16,S,3.6469,3.5551,0.3352,3.1252,4.707,27,1,2027-09-05
IPCA,2021-07-16,N,3.6442,3.5563,0.3143,3.1337,4.7497,35,1,2027-09-12
IPCA,2021-07-16,S,3.6022,3.5365,0.3501,2.8821,4.707,34,0,2027-09-19
IPCA,2021-07-16,N,3.652,3.5563,0.3711,2.9381,5.1157,69,0,2027-09-26
IPCA,2021-07-19,S,3.6782,3.5693,0.3672,3.1224,4.6928,26,1,2027-10-03
IPCA,2021-07-19,N,3.6714,3.5562,0.3455,3.1337,4.7497,33,1,2027-10-10
IPCA,2021-07-19,S,3.6204,3.5466,0.3548,2.8634,4.6928,38,0,2027-10-17
IPCA,2021-07-19,N,3.6455,3.5565,0.3654,2.9381,5.1157,69,0,2027-10-24
IPCA,2021-07-20,S,3.66,3.5683,0.3715,3.0706,4.688,28,1,2027-10-31
IPCA,2021-07-20,N,3.6659,3.5641,0.3525,3.1233,4.7497,34,1,2027-11-07
IPCA,2021-07-20,S,3.6069,3.5458,0.3567,2.8572,4.688,40,0,2027-11-14
IPCA,2021-07-20,N,3.6422,3.5565,0.3691,2.9381,5.1157,69,0,2027-11-21
IPCA,2021-07-21,N,3.6911,3.5972,0.3482,3.1233,4.7497,38,1,2027-11-28
IPCA,2021-07-21,S,3.6929,3.6347,0.361,3.0666,4.6833,32,1,2027-12-05
IPCA,2021-07-21,N,3.6486,3.5664,0.3719,2.9381,5.1157,69,0,2027-12-12
IPCA,2021-07-21,S,3.6205,3.5712,0.3486,2.851,4.6833,44,0,2027-12-19
IPCA,2021-07-22,N,3.6999,3.6329,0.345,3.1233,4.7497,40,1,2027-12-26
IPCA,2021-07-22,S,3.6849,3.6259,0.3515,3.0625,4.6785,35,1,2028-01-02
IPCA,2021-07-22,N,3.6542,3.5664,0.3744,2.9381,5.1157,69,0,2028-01-09
IPCA,2021-07-22,S,3.6199,3.5698,0.3452,2.8448,4.6785,46,0,2028-01-16
IPCA,2021-07-23,S,3.6656,3.6118,0.3314,2.8385,4.6738,57,1,2028-01-23
IPCA,2021-07-23,N,3.6991,3.6646,0.325,2.9381,4.7497,62,1,2028-01-30
IPCA,2021-07-23,S,3.6606,3.6003,0.3204,2.8385,4.6738,66,0,2028-02-06
IPCA,2021-07-23,N,3.7066,3.6383,0.3519,2.9381,5.1157,78,0,2028-02-13
IPCA,2021-07-26,N,3.7182,3.6803,0.3667,2.9381,5.1157,63,1,2028-02-20
IPCA,2021-07-26,S,3.6805,3.62,0.3846,2.8199,5.2062,58,1,2028-02-27
IPCA,2021-07-26,N,3.7006,3.6229,0.3514,2.9381,5.1157,78,0,2028-03-05
IPCA,2021-07-26,S,3.6714,3.6021,0.367,2.8199,5.2062,68,0,2028-03-12
IPCA,2021-07-27,N,3.7182,3.6803,0.3667,2.9381,5.1157,63,1,2028-03-19
IPCA,2021-07-27,S,3.6783,3.6218,0.3851,2.8137,5.211,58,1,2028-03-26
IPCA,2021-07-27,N,3.7006,3.6229,0.3514,2.9381,5.1157,78,0,2028-04-02
IPCA,2021-07-27,S,3.6695,3.6051,0.3675,2.8137,5.211,68,0,2028-04-09
IPCA,2021-07-28,S,3.6764,3.5995,0.3947,2.8075,5.2157,55,1,2028-04-16
IPCA,2021-07-28,N,3.7214,3.6646,0.3749,2.9381,5.1157,60,1,2028-04-23
IPCA,2021-07-28,S,3.6684,3.608,0.3682,2.8075,5.2157,68,0,2028-04-30
IPCA,2021-07-28,N,3.7025,3.6229,0.352,2.9381,5.1157,78,0,2028-05-07
IPCA,2021-07-29,S,3.6604,3.5804,0.3754,2.8012,5.2205,56,1,2028-05-14
IPCA,2021-07-29,N,3.7035,3.6383,0.3516,2.9381,5.1157,62,1,2028-05-21
IPCA,2021-07-29,S,3.6751,3.6174,0.3683,2.8012,5.2205,69,0,2028-05-28
IPCA,2021-07-29,N,3.7095,3.6277,0.3518,2.9381,5.1157,79,0,2028-06-04
IPCA,2021-07-30,S,3.7039,3.6443,0.3883,3.1873,5.2253,51,1,2028-06-11
IPCA,2021-07-30,N,3.7649,3.6697,0.3825,3.2663,5.1157,56,1,2028-06-18
IPCA,2021-07-30,S,3.6786,3.6181,0.3619,2.795,5.2253,71,0,2028-06-25
IPCA,2021-07-30,N,3.7351,3.6697,0.3551,2.9381,5.1157,80,0,2028-07-02
IPCA,2021-08-02,S,3.695,3.6245,0.3883,3.177,5.2396,51,1,2028-07-09
IPCA,2021-08-02,N,3.7675,3.6803,0.376,3.2663,5.1157,58,1,2028-07-16
IPCA,2021-08-02,S,3.6718,3.6197,0.3615,2.7764,5.2396,72,0,2028-07-23
IPCA,2021-08-02,N,3.7365,3.6803,0.3481,2.9381,5.1157,80,0,2028-07-30
IPCA,2021-08-03,S,3.6898,3.5703,0.3895,3.1736,5.2443,51,1,2028-08-06
IPCA,2021-08-03,N,3.765,3.6697,0.3771,3.2663,5.1157,58,1,2028-08-13
IPCA,2021-08-03,S,3.6697,3.6202,0.3622,2.7701,5.2443,72,0,2028-08-20
IPCA,2021-08-03,N,3.7368,3.6803,0.3479,2.9381,5.1157,80,0,2028-08-27
IPCA,2021-08-04,N,3.7628,3.6335,0.3779,3.2663,5.1157,54,1,2028-09-03
IPCA,2021-08-04,S,3.6788,3.5509,0.3919,3.1701,5.2491,47,1,2028-09-10
IPCA,2021-08-04,N,3.7368,3.6803,0.3479,2.9381,5.1157,80,0,2028-09-17
IPCA,2021-08-04,S,3.6675,3.6206,0.363,2.7639,5.2491,72,0,2028-09-24
IPCA,2021-08-05,N,3.7644,3.6181,0.379,3.2663,5.1157,53,1,2028-10-01
IPCA,2021-08-05,S,3.6773,3.5528,0.3942,3.1667,5.2539,46,1,2028-10-08
IPCA,2021-08-05,N,3.7368,3.6803,0.3479,2.9381,5.1157,80,0,2028-10-15
IPCA,2021-08-05,S,3.6653,3.6211,0.3638,2.7577,5.2539,72,0,2028-10-22
IPCA,2021-08-06,N,3.7838,3.7054,0.3833,3.2774,5.1157,28,1,2028-10-29
IPCA,2021-08-06,S,3.7383,3.6181,0.4461,3.1744,5.2586,23,1,2028-11-05
IPCA,2021-08-06,N,3.7474,3.7006,0.347,2.9381,5.1157,82,0,2028-11-12
IPCA,2021-08-06,S,3.6737,3.6292,0.3681,2.7515,5.2586,74,0,2028-11-19
IPCA,2021-08-09,N,3.7747,3.7102,0.3255,3.3558,4.5935,29,1,2028-11-26
IPCA,2021-08-09,S,3.7355,3.6692,0.3701,3.2245,4.75,26,1,2028-12-03
IPCA,2021-08-09,N,3.7386,3.7005,0.3306,2.9381,4.5935,83,0,2028-12-10
IPCA,2021-08-09,S,3.6569,3.6282,0.3478,2.7329,4.75,76,0,2028-12-17
IPCA,2021-08-10,S,3.6639,3.6279,0.0681,3.6044,3.781,5,1,2028-12-24
IPCA,2021-08-10,N,3.7319,3.6692,0.344,3.2245,4.75,30,1,2028-12-31
IPCA,2021-08-10,S,3.6639,3.6279,0.0681,3.6044,3.781,5,0,2029-01-07
IPCA,2021-08-10,N,3.6546,3.623,0.3445,2.7329,4.75,76,0,2029-01-14
IPCA,2021-08-11,S,3.7461,3.7392,0.1442,3.6009,4.0667,8,1,2029-01-21
IPCA,2021-08-11,N,3.747,3.6902,0.3358,3.2245,4.75,33,1,2029-01-28
IPCA,2021-08-11,S,3.7461,3.7392,0.1442,3.6009,4.0667,8,0,2029-02-04
IPCA,2021-08-11,N,3.662,3.6278,0.347,2.7329,4.75,77,0,2029-02-11
IPCA,2021-08-12,N,3.7181,3.6641,0.3362,3.2245,4.75,36,1,2029-02-18
IPCA,2021-08-12,S,3.7205,3.6995,0.1758,3.4855,4.0528,11,1,2029-02-25
IPCA,2021-08-12,N,3.6604,3.6181,0.3473,2.7329,4.75,77,0,2029-03-04
IPCA,2021-08-12,S,3.7205,3.6995,0.1758,3.4855,4.0528,11,0,2029-03-11
IPCA,2021-08-13,N,3.6838,3.6278,0.3525,3.0438,4.75,41,1,2029-03-18
IPCA,2021-08-13,S,3.6517,3.6216,0.2703,3.0334,4.44,23,1,2029-03-25
IPCA,2021-08-13,N,3.6511,3.6079,0.3456,2.7329,4.75,77,0,2029-04-01
IPCA,2021-08-13,S,3.6517,3.6216,0.2703,3.0334,4.44,23,0,2029-04-08
IPCA,2021-08-16,S,3.6801,3.6981,0.2692,3.0257,4.4365,27,1,2029-04-15
IPCA,2021-08-16,N,3.6811,3.6543,0.3053,3.0438,4.4447,40,1,2029-04-22
IPCA,2021-08-16,S,3.6801,3.6981,0.2692,3.0257,4.4365,27,0,2029-04-29
IPCA,2021-08-16,N,3.6481,3.6079,0.3436,2.7329,4.75,77,0,2029-05-06
IPCA,2021-08-17,N,3.6818,3.6799,0.3166,3.0438,4.4447,37,1,2029-05-13
IPCA,2021-08-17,S,3.6844,3.7153,0.2797,3.0231,4.4353,25,1,2029-05-20
IPCA,2021-08-17,N,3.6488,3.6079,0.3436,2.7329,4.75,77,0,2029-05-27
IPCA,2021-08-17,S,3.684,3.7066,0.2655,3.0231,4.4353,28,0,2029-06-03
IPCA,2021-08-18,S,3.6898,3.7319,0.2771,3.0205,4.4341,26,1,2029-06-10
IPCA,2021-08-18,N,3.6929,3.6802,0.3254,3.0438,4.4447,37,1,2029-06-17
IPCA,2021-08-18,S,3.6887,3.7146,0.2635,3.0205,4.4341,29,0,2029-06-24
IPCA,2021-08-18,N,3.6515,3.613,0.3422,2.7329,4.75,78,0,2029-07-01
IPCA,2021-08-19,S,3.7093,3.7487,0.308,3.0179,4.433,27,1,2029-07-08
IPCA,2021-08-19,N,3.7531,3.7424,0.3577,3.0438,4.4447,35,1,2029-07-15
IPCA,2021-08-19,S,3.6978,3.714,0.292,3.0179,4.433,31,0,2029-07-22
IPCA,2021-08-19,N,3.6495,3.613,0.3429,2.7329,4.75,78,0,2029-07-29
IPCA,2021-08-20,S,3.7358,3.7309,0.2844,3.3624,4.4318,28,1,2029-08-05
IPCA,2021-08-20,N,3.7542,3.7104,0.3303,3.2868,4.4447,37,1,2029-08-12
IPCA,2021-08-20,S,3.6868,3.6967,0.2912,3.0153,4.4318,37,0,2029-08-19
IPCA,2021-08-20,N,3.6586,3.6284,0.3375,2.7329,4.75,79,0,2029-08-26
IPCA,2021-08-23,S,3.6846,3.67,0.3282,3.0076,4.4283,26,1,2029-09-02
IPCA,2021-08-23,N,3.717,3.6441,0.3571,3.0438,4.4447,36,1,2029-09-09
IPCA,2021-08-23,S,3.6783,3.6832,0.2842,3.0076,4.4283,40,0,2029-09-16
IPCA,2021-08-23,N,3.6789,3.654,0.3221,3.0438,4.75,76,0,2029-09-23
IPCA,2021-08-24,N,3.6875,3.5616,0.3615,3.0438,4.4447,40,1,2029-09-30
IPCA,2021-08-24,S,3.7041,3.6699,0.345,3.005,4.4369,29,1,2029-10-07
IPCA,2021-08-24,N,3.6794,3.654,0.3231,3.0438,4.75,76,0,2029-10-14
IPCA,2021-08-24,S,3.6951,3.6954,0.3017,3.005,4.4369,43,0,2029-10-21
IPCA,2021-08-25,N,3.6801,3.5669,0.3504,3.0438,4.4369,39,1,2029-10-28
IPCA,2021-08-25,S,3.6949,3.658,0.3291,3.0024,4.4369,28,1,2029-11-04
IPCA,2021-08-25,N,3.6753,3.654,0.3154,3.0438,4.75,76,0,2029-11-11
IPCA,2021-08-25,S,3.6864,3.6829,0.2851,3.0024,4.4369,44,0,2029-11-18
IPCA,2021-08-26,S,3.6564,3.6566,0.3267,2.9837,4.4369,28,1,2029-11-25
IPCA,2021-08-26,N,3.6387,3.5669,0.3297,2.9895,4.4369,39,1,2029-12-02
IPCA,2021-08-26,S,3.6701,3.6714,0.3009,2.9837,4.4369,45,0,2029-12-09
IPCA,2021-08-26,N,3.6773,3.6597,0.3196,2.9895,4.75,75,0,2029-12-16
IPCA,2021-08-27,S,3.6967,3.6426,0.3642,2.9833,4.489,31,1,2029-12-23
IPCA,2021-08-27,N,3.6685,3.5867,0.3545,2.9895,4.489,37,1,2029-12-30
IPCA,2021-08-27,S,3.7028,3.6721,0.3295,2.9833,4.489,47,0,2030-01-06
IPCA,2021-08-27,N,3.6983,3.6597,0.3398,2.9895,4.75,76,0,2030-01-13
IPCA,2021-08-30,S,3.7365,3.6454,0.372,2.9895,4.489,30,1,2030-01-20
IPCA,2021-08-30,N,3.7091,3.68,0.3612,3.0438,4.489,36,1,2030-01-27
IPCA,2021-08-30,S,3.7055,3.67,0.3156,2.9895,4.489,48,0,2030-02-03
IPCA,2021-08-30,N,3.7174,3.6798,0.3373,3.0438,4.75,69,0,2030-02-10
IPCA,2021-08-31,N,3.76,3.6852,0.3595,3.0438,4.489,36,1,2030-02-17
IPCA,2021-08-31,S,3.7571,3.6589,0.3783,2.9869,4.489,32,1,2030-02-24
IPCA,2021-08-31,N,3.7245,3.6798,0.3464,3.0438,4.75,69,0,2030-03-03
IPCA,2021-08-31,S,3.7186,3.6749,0.326,2.9869,4.489,49,0,2030-03-10
IPCA,2021-09-01,N,3.7677,3.6904,0.3497,3.0438,4.489,36,1,2030-03-17
IPCA,2021-09-01,S,3.7529,3.6509,0.3672,2.9843,4.489,33,1,2030-03-24
IPCA,2021-09-01,N,3.7208,3.6698,0.3429,3.0438,4.75,70,0,2030-03-31
IPCA,2021-09-01,S,3.7106,3.6632,0.3203,2.9843,4.489,50,0,2030-04-07
IPCA,2021-09-02,N,3.7706,3.6904,0.3576,3.0438,4.489,36,1,2030-04-14
IPCA,2021-09-02,S,3.7676,3.6762,0.3638,2.9817,4.489,33,1,2030-04-21
IPCA,2021-09-02,N,3.7247,3.6798,0.3421,3.0438,4.75,71,0,2030-04-28
IPCA,2021-09-02,S,3.7138,3.6762,0.3192,2.9817,4.489,51,0,2030-05-05
IPCA,2021-09-03,N,3.7524,3.7567,0.4131,2.5783,4.8534,34,1,2030-05-12
IPCA,2021-09-03,S,3.7405,3.6743,0.4351,2.6039,4.8622,30,1,2030-05-19
IPCA,2021-09-03,N,3.7265,3.6851,0.379,2.5783,4.8534,72,0,2030-05-26
IPCA,2021-09-03,S,3.7036,3.6474,0.3742,2.6039,4.8622,53,0,2030-06-02
IPCA,2021-09-06,N,3.7558,3.6905,0.447,2.5783,4.8534,35,1,2030-06-09
IPCA,2021-09-06,S,3.7468,3.6422,0.4539,2.607,4.8632,31,1,2030-06-16
IPCA,2021-09-06,N,3.7294,3.6902,0.3809,2.5783,4.8534,71,0,2030-06-23
IPCA,2021-09-06,S,3.7192,3.6379,0.3986,2.607,4.8632,54,0,2030-06-30
IPCA,2021-09-08,N,3.7327,3.6851,0.4382,2.5783,4.8534,36,1,2030-07-07
IPCA,2021-09-08,S,3.7174,3.6231,0.4463,2.609,4.8639,32,1,2030-07-14
IPCA,2021-09-08,N,3.7318,3.6902,0.3794,2.5783,4.8534,71,0,2030-07-21
IPCA,2021-09-08,S,3.7198,3.6337,0.3982,2.609,4.8639,54,0,2030-07-28
IPCA,2021-09-09,N,3.7279,3.6388,0.4308,2.609,4.8639,35,1,2030-08-04
IPCA,2021-09-09,S,3.8093,3.6465,0.4289,3.3813,4.8599,8,1,2030-08-11
IPCA,2021-09-09,N,3.7292,3.6697,0.396,2.609,4.8639,55,0,2030-08-18
IPCA,2021-09-09,S,3.8093,3.6465,0.4289,3.3813,4.8599,8,0,2030-08-25
IPCA,2021-09-10,N,3.7754,3.6751,0.4597,2.609,4.9068,36,1,2030-09-01
IPCA,2021-09-10,S,3.8058,3.6612,0.4862,2.9688,4.9068,19,1,2030-09-08
IPCA,2021-09-10,N,3.7515,3.6814,0.41,2.609,4.9068,56,0,2030-09-15
IPCA,2021-09-10,S,3.8058,3.6612,0.4862,2.9688,4.9068,19,0,2030-09-22
IPCA,2021-09-13,N,3.7964,3.6931,0.4122,2.9702,4.9068,38,1,2030-09-29
IPCA,2021-09-13,S,3.7913,3.6801,0.4509,2.9667,4.9068,27,1,2030-10-06
IPCA,2021-09-13,N,3.7595,3.6839,0.4074,2.609,4.9068,58,0,2030-10-13
IPCA,2021-09-13,S,3.7913,3.6801,0.4509,2.9667,4.9068,27,0,2030-10-20
IPCA,2021-09-14,N,3.7939,3.7008,0.3976,2.9702,4.9068,41,1,2030-10-27
IPCA,2021-09-14,S,3.7835,3.6768,0.4289,2.9659,4.9068,30,1,2030-11-03
IPCA,2021-09-14,N,3.758,3.6854,0.4039,2.609,4.9068,59,0,2030-11-10
IPCA,2021-09-14,S,3.7835,3.6768,0.4289,2.9659,4.9068,30,0,2030-11-17
IPCA,2021-09-15,N,3.8187,3.7157,0.4015,2.9702,4.9068,40,1,2030-11-24
IPCA,2021-09-15,S,3.7807,3.6787,0.422,2.9652,4.9068,31,1,2030-12-01
IPCA,2021-09-15,N,3.762,3.6906,0.4047,2.609,4.9068,59,0,2030-12-08
IPCA,2021-09-15,S,3.7807,3.6787,0.422,2.9652,4.9068,31,0,2030-12-15
IPCA,2021-09-16,N,3.8295,3.721,0.4061,2.9702,4.9068,41,1,2030-12-22
IPCA,2021-09-16,S,3.7922,3.6868,0.4214,2.9645,4.9068,31,1,2030-12-29
IPCA,2021-09-16,N,3.7791,3.7051,0.4057,2.609,4.9068,59,0,2031-01-05
IPCA,2021-09-16,S,3.7852,3.6823,0.4166,2.9645,4.9068,32,0,2031-01-12
IPCA,2021-09-17,N,3.754,3.7322,0.3993,2.609,4.9068,65,1,2031-01-19
IPCA,2021-09-17,S,3.7167,3.6944,0.4068,2.6186,4.9068,55,1,2031-01-26
IPCA,2021-09-17,N,3.7631,3.7266,0.3925,2.609,4.9068,72,0,2031-02-02
IPCA,2021-09-17,S,3.7156,3.6885,0.4032,2.6186,4.9068,56,0,2031-02-09
IPCA,2021-09-20,N,3.7525,3.7627,0.3871,2.609,4.8639,61,1,2031-02-16
IPCA,2021-09-20,S,3.703,3.6746,0.3865,2.6217,4.8163,52,1,2031-02-23
IPCA,2021-09-20,N,3.7716,3.7422,0.3963,2.609,4.9068,72,0,2031-03-02
IPCA,2021-09-20,S,3.7175,3.6746,0.4078,2.6217,4.9068,56,0,2031-03-09
IPCA,2021-09-21,N,3.7493,3.7628,0.3919,2.609,4.8639,60,1,2031-03-16
IPCA,2021-09-21,S,3.7026,3.6716,0.3937,2.6228,4.8124,50,1,2031-03-23
IPCA,2021-09-21,N,3.7716,3.7422,0.3963,2.609,4.9068,72,0,2031-03-30
IPCA,2021-09-21,S,3.7147,3.6695,0.4078,2.6228,4.9068,56,0,2031-04-06
IPCA,2021-09-22,N,3.7797,3.7632,0.4136,2.609,4.9068,63,1,2031-04-13
IPCA,2021-09-22,S,3.7368,3.7029,0.4177,2.6239,4.9068,54,1,2031-04-20
IPCA,2021-09-22,N,3.7792,3.7627,0.3973,2.609,4.9068,73,0,2031-04-27
IPCA,2021-09-22,S,3.7247,3.672,0.403,2.6239,4.9068,59,0,2031-05-04
IPCA,2021-09-23,N,3.777,3.7631,0.4191,2.609,4.9068,62,1,2031-05-11
IPCA,2021-09-23,S,3.7389,3.6977,0.4247,2.6249,4.9068,54,1,2031-05-18
IPCA,2021-09-23,N,3.7749,3.7628,0.3935,2.609,4.9068,74,0,2031-05-25
IPCA,2021-09-23,S,3.7262,3.6661,0.4012,2.6249,4.9068,62,0,2031-06-01
IPCA,2021-09-24,N,3.8041,3.8099,0.4403,2.609,4.9068,34,1,2031-06-08
IPCA,2021-09-24,S,3.752,3.7017,0.4507,2.626,4.9068,31,1,2031-06-15
IPCA,2021-09-24,N,3.7788,3.7629,0.3933,2.609,4.9068,74,0,2031-06-22
IPCA,2021-09-24,S,3.7234,3.6736,0.3974,2.626,4.9068,64,0,2031-06-29
IPCA,2021-09-27,N,3.7397,3.7631,0.4312,2.609,4.9068,36,1,2031-07-06
IPCA,2021-09-27,S,3.6778,3.6232,0.4405,2.6292,4.9068,33,1,2031-07-13
IPCA,2021-09-27,N,3.7742,3.7628,0.3927,2.609,4.9068,75,0,2031-07-20
IPCA,2021-09-27,S,3.7071,3.6602,0.3949,2.6292,4.9068,66,0,2031-07-27
IPCA,2021-09-28,N,3.7395,3.7629,0.4253,2.609,4.9068,37,1,2031-08-03
IPCA,2021-09-28,S,3.6781,3.6167,0.4346,2.6302,4.9068,34,1,2031-08-10
IPCA,2021-09-28,N,3.7742,3.7628,0.3927,2.609,4.9068,75,0,2031-08-17
IPCA,2021-09-28,S,3.7054,3.6593,0.3923,2.6302,4.9068,67,0,2031-08-24
IPCA,2021-09-29,N,3.7544,3.7088,0.4376,2.609,4.9068,38,1,2031-08-31
IPCA,2021-09-29,S,3.6898,3.6062,0.4514,2.6313,4.9068,35,1,2031-09-07
IPCA,2021-09-29,N,3.7833,3.7628,0.4016,2.609,4.9068,75,0,2031-09-14
IPCA,2021-09-29,S,3.7133,3.6653,0.4049,2.6313,4.9068,67,0,2031-09-21
IPCA,2021-09-30,N,3.7611,3.7322,0.4417,2.609,4.9068,37,1,2031-09-28
IPCA,2021-09-30,S,3.6865,3.6056,0.4497,2.6323,4.9068,34,1,2031-10-05
IPCA,2021-09-30,N,3.7853,3.7628,0.4042,2.609,4.9068,75,0,2031-10-12
IPCA,2021-09-30,S,3.7128,3.6632,0.4078,2.6323,4.9068,67,0,2031-10-19
IPCA,2021-10-01,N,3.7494,3.6693,0.4191,2.9479,4.8025,37,1,2031-10-26
IPCA,2021-10-01,S,3.6842,3.5711,0.4114,2.9538,4.8107,35,1,2031-11-02
IPCA,2021-10-01,N,3.7943,3.7628,0.3928,2.9479,4.9068,75,0,2031-11-09
IPCA,2021-10-01,S,3.7268,3.664,0.398,2.9538,4.9068,68,0,2031-11-16
IPCA,2021-10-04,N,3.7996,3.6899,0.453,2.9479,4.8025,34,1,2031-11-23
IPCA,2021-10-04,S,3.7215,3.5769,0.4526,2.9516,4.8118,32,1,2031-11-30
IPCA,2021-10-04,N,3.8048,3.7632,0.4018,2.9479,4.9068,75,0,2031-12-07
IPCA,2021-10-04,S,3.7302,3.6599,0.4105,2.9516,4.9068,68,0,2031-12-14
IPCA,2021-10-05,N,3.8132,3.6693,0.4702,2.9479,4.8025,31,1,2031-12-21
IPCA,2021-10-05,S,3.723,3.5733,0.4665,2.9509,4.8122,30,1,2031-12-28
IPCA,2021-10-05,N,3.8048,3.7632,0.4018,2.9479,4.9068,75,0,2032-01-04
IPCA,2021-10-05,S,3.7276,3.6595,0.4111,2.9509,4.9068,68,0,2032-01-11
IPCA,2021-10-06,N,3.8272,3.783,0.4688,2.9479,4.8025,31,1,2032-01-18
IPCA,2021-10-06,S,3.726,3.6419,0.4663,2.9502,4.8125,30,1,2032-01-25
IPCA,2021-10-06,N,3.8067,3.7681,0.3995,2.9479,4.9068,76,0,2032-02-01
IPCA,2021-10-06,S,3.7258,3.6593,0.4087,2.9502,4.9068,69,0,2032-02-08
IPCA,2021-10-07,N,3.8096,3.7576,0.464,2.9479,4.8025,30,1,2032-02-15
IPCA,2021-10-07,S,3.7229,3.7317,0.4727,2.9495,4.8129,29,1,2032-02-22
IPCA,2021-10-07,N,3.8067,3.7681,0.3995,2.9479,4.9068,76,0,2032-02-29
IPCA,2021-10-07,S,3.7231,3.6593,0.4093,2.9495,4.9068,69,0,2032-03-07
IPCA,2021-10-08,N,3.7838,3.7313,0.4042,3.1955,4.8129,25,1,2032-03-14
IPCA,2021-10-08,S,3.7325,3.5593,0.3415,3.4122,4.4582,12,1,2032-03-21
IPCA,2021-10-08,N,3.724,3.6585,0.4019,2.9495,4.9068,70,0,2032-03-28
IPCA,2021-10-08,S,3.7325,3.5593,0.3415,3.4122,4.4582,12,0,2032-04-04
IPCA,2021-10-11,N,3.8492,3.7317,0.4147,3.3288,4.9068,29,1,2032-04-11
IPCA,2021-10-11,S,3.8965,3.8108,0.4471,3.407,4.9068,16,1,2032-04-18
IPCA,2021-10-11,N,3.7248,3.6585,0.4024,2.9495,4.9068,70,0,2032-04-25
IPCA,2021-10-11,S,3.8965,3.8108,0.4471,3.407,4.9068,16,0,2032-05-02
IPCA,2021-10-13,N,3.8792,3.7471,0.4386,3.3288,4.9068,30,1,2032-05-09
IPCA,2021-10-13,S,3.9426,3.8962,0.4767,3.4036,4.9068,17,1,2032-05-16
IPCA,2021-10-13,N,3.7248,3.6585,0.4024,2.9495,4.9068,70,0,2032-05-23
IPCA,2021-10-13,S,3.9426,3.8962,0.4767,3.4036,4.9068,17,0,2032-05-30
IPCA,2021-10-14,N,3.8712,3.7315,0.4467,3.3288,4.9068,30,1,2032-06-06
IPCA,2021-10-14,S,3.9129,3.799,0.478,3.4019,4.9068,18,1,2032-06-13
IPCA,2021-10-14,N,3.7248,3.6585,0.4044,2.9495,4.9068,70,0,2032-06-20
IPCA,2021-10-14,S,3.9129,3.799,0.478,3.4019,4.9068,18,0,2032-06-27
IPCA,2021-10-15,N,3.806,3.6593,0.4902,2.9495,4.9068,31,1,2032-07-04
IPCA,2021-10-15,S,3.8204,3.6126,0.5058,2.9594,4.9068,21,1,2032-07-11
IPCA,2021-10-15,N,3.7293,3.6593,0.4043,2.9495,4.9068,69,0,2032-07-18
IPCA,2021-10-15,S,3.8204,3.6126,0.5058,2.9594,4.9068,21,0,2032-07-25
IPCA,2021-10-18,N,3.7814,3.5913,0.5153,2.9495,4.9068,28,1,2032-08-01
IPCA,2021-10-18,S,3.8049,3.5691,0.5359,2.9631,4.9068,18,1,2032-08-08
IPCA,2021-10-18,N,3.7425,3.6577,0.4259,2.9495,4.9068,57,0,2032-08-15
IPCA,2021-10-18,S,3.8372,3.5944,0.5161,2.9631,4.9068,22,0,2032-08-22
IPCA,2021-10-19,N,3.7715,3.573,0.529,2.9495,4.9068,27,1,2032-08-29
IPCA,2021-10-19,S,3.7734,3.5662,0.5257,2.9643,4.9068,19,1,2032-09-05
IPCA,2021-10-19,N,3.7557,3.6585,0.4305,2.9495,4.9068,58,0,2032-09-12
IPCA,2021-10-19,S,3.845,3.6201,0.5078,2.9643,4.9068,25,0,2032-09-19
IPCA,2021-10-20,N,3.7724,3.5491,0.5231,2.9495,4.9068,30,1,2032-09-26
IPCA,2021-10-20,S,3.7695,3.5331,0.5234,2.9655,4.9068,22,1,2032-10-03
IPCA,2021-10-20,N,3.7495,3.6577,0.4295,2.9495,4.9068,59,0,2032-10-10
IPCA,2021-10-20,S,3.81,3.5701,0.5026,2.9655,4.9068,27,0,2032-10-17
IPCA,2021-10-21,N,3.7213,3.5491,0.4629,2.9495,4.9068,36,1,2032-10-24
IPCA,2021-10-21,S,3.7557,3.5625,0.5019,2.9668,4.9068,24,1,2032-10-31
IPCA,2021-10-21,N,3.7583,3.6593,0.4281,2.9495,4.9068,61,0,2032-11-07
IPCA,2021-10-21,S,3.7813,3.5665,0.4843,2.9668,4.9068,30,0,2032-11-14
IPCA,2021-10-22,N,3.8543,3.8448,0.4441,2.9382,4.9361,70,1,2032-11-21
IPCA,2021-10-22,S,3.8363,3.818,0.4309,2.9896,4.9068,57,1,2032-11-28
IPCA,2021-10-22,N,3.8303,3.794,0.4397,2.9382,4.9361,78,0,2032-12-05
IPCA,2021-10-22,S,3.8237,3.7993,0.4293,2.9896,4.9068,59,0,2032-12-12
IPCA,2021-10-25,N,3.8417,3.8339,0.4244,2.9382,4.9361,71,1,2032-12-19
IPCA,2021-10-25,S,3.8116,3.8045,0.4058,2.9999,4.9068,58,1,2032-12-26
IPCA,2021-10-25,N,3.8302,3.804,0.4283,2.9382,4.9361,79,0,2033-01-02
IPCA,2021-10-25,S,3.8107,3.7984,0.4103,2.9999,4.9068,61,0,2033-01-09
IPCA,2021-10-26,N,3.8461,3.804,0.4417,2.9382,4.9361,71,1,2033-01-16
IPCA,2021-10-26,S,3.8137,3.7892,0.4304,3.0033,4.9068,58,1,2033-01-23
IPCA,2021-10-26,N,3.8478,3.804,0.4455,2.9382,4.9361,79,0,2033-01-30
IPCA,2021-10-26,S,3.8217,3.7892,0.4358,3.0033,4.9068,62,0,2033-02-06
IPCA,2021-10-27,N,3.8392,3.8093,0.4237,2.9382,4.9361,70,1,2033-02-13
IPCA,2021-10-27,S,3.814,3.7774,0.4239,3.0067,4.9068,59,1,2033-02-20
IPCA,2021-10-27,N,3.844,3.8145,0.4308,2.9382,4.9361,79,0,2033-02-27
IPCA,2021-10-27,S,3.8242,3.7876,0.432,3.0067,4.9068,64,0,2033-03-06
IPCA,2021-10-28,N,3.8468,3.819,0.4305,2.9382,4.9361,68,1,2033-03-13
IPCA,2021-10-28,S,3.8238,3.8002,0.4272,3.0101,4.9068,58,1,2033-03-20
IPCA,2021-10-28,N,3.8503,3.8339,0.4343,2.9382,4.9361,79,0,2033-03-27
IPCA,2021-10-28,S,3.825,3.7975,0.4307,3.0101,4.9068,65,0,2033-04-03
IPCA,2021-10-29,N,3.9053,3.7629,0.4731,3.0522,5.0196,38,1,2033-04-10
IPCA,2021-10-29,S,3.9083,3.7355,0.4658,3.0794,4.9068,33,1,2033-04-17
IPCA,2021-10-29,N,3.8694,3.8345,0.4296,2.9382,5.0196,80,0,2033-04-24
IPCA,2021-10-29,S,3.8443,3.7988,0.4247,3.0136,4.9068,66,0,2033-05-01
IPCA,2021-11-01,N,3.8819,3.7002,0.5003,3.0522,5.0196,36,1,2033-05-08
IPCA,2021-11-01,S,3.8774,3.6906,0.4959,3.0238,4.9068,31,1,2033-05-15
IPCA,2021-11-01,N,3.8638,3.819,0.4266,2.9382,5.0196,80,0,2033-05-22
IPCA,2021-11-01,S,3.8219,3.7772,0.4296,3.0238,4.9068,68,0,2033-05-29
IPCA,2021-11-03,N,3.8659,3.7001,0.4871,3.0522,5.0196,37,1,2033-06-05
IPCA,2021-11-03,S,3.8268,3.673,0.4896,3.0151,4.9068,33,1,2033-06-12
IPCA,2021-11-03,N,3.8664,3.819,0.4276,2.9382,5.0196,80,0,2033-06-19
IPCA,2021-11-03,S,3.8109,3.7681,0.4313,3.0151,4.9068,70,0,2033-06-26
IPCA,2021-11-04,N,3.8947,3.7003,0.4843,3.0522,5.0196,37,1,2033-07-03
IPCA,2021-11-04,S,3.8514,3.6973,0.4739,3.0107,4.9068,35,1,2033-07-10
IPCA,2021-11-04,N,3.8664,3.819,0.4276,2.9382,5.0196,80,0,2033-07-17
IPCA,2021-11-04,S,3.8137,3.7723,0.4306,3.0107,4.9068,71,0,2033-07-24
IPCA,2021-11-05,N,3.8401,3.7936,0.4233,2.9793,5.0196,55,1,2033-07-31
IPCA,2021-11-05,S,3.7916,3.6962,0.4254,3.0064,4.7089,50,1,2033-08-07
IPCA,2021-11-05,N,3.8753,3.8445,0.4322,2.9793,5.0196,80,0,2033-08-14
IPCA,2021-11-05,S,3.8153,3.759,0.4368,3.0064,4.9068,72,0,2033-08-21
IPCA,2021-11-08,N,3.8101,3.7522,0.4094,2.9793,4.7593,54,1,2033-08-28
IPCA,2021-11-08,S,3.7575,3.6699,0.4205,2.9933,4.7079,49,1,2033-09-04
IPCA,2021-11-08,N,3.8752,3.8339,0.4287,2.9793,5.0196,81,0,2033-09-11
IPCA,2021-11-08,S,3.8083,3.7436,0.4326,2.9933,4.9068,73,0,2033-09-18
IPCA,2021-11-09,N,3.8241,3.7629,0.4023,2.9793,4.7593,52,1,2033-09-25
IPCA,2021-11-09,S,3.7697,3.6693,0.4114,3.0821,4.7076,47,1,2033-10-02
IPCA,2021-11-09,N,3.8752,3.8339,0.4287,2.9793,5.0196,81,0,2033-10-09
IPCA,2021-11-09,S,3.8055,3.7407,0.4328,2.989,4.9068,73,0,2033-10-16
IPCA,2021-11-10,N,3.8164,3.7211,0.4159,3.0821,4.7167,45,1,2033-10-23
IPCA,2021-11-10,S,3.8356,3.684,0.4185,3.3879,4.7041,8,1,2033-10-30
IPCA,2021-11-10,N,3.8012,3.7312,0.4307,2.989,4.9068,76,0,2033-11-06
IPCA,2021-11-10,S,3.8356,3.684,0.4185,3.3879,4.7041,8,0,2033-11-13
IPCA,2021-11-11,N,3.8429,3.752,0.4389,3.0821,4.9068,46,1,2033-11-20
IPCA,2021-11-11,S,3.9522,3.8606,0.4209,3.3859,4.694,12,1,2033-11-27
IPCA,2021-11-11,N,3.8047,3.7407,0.429,2.989,4.9068,77,0,2033-12-04
IPCA,2021-11-11,S,3.9522,3.8606,0.4209,3.3859,4.694,12,0,2033-12-11
IPCA,2021-11-12,N,3.8436,3.7409,0.4239,3.175,4.9068,39,1,2033-12-18
IPCA,2021-11-12,S,3.763,3.7164,0.3756,3.1802,4.6791,25,1,2033-12-25
IPCA,2021-11-12,N,3.7865,3.7312,0.4061,2.989,4.9068,78,0,2034-01-01
IPCA,2021-11-12,S,3.763,3.7164,0.3756,3.1802,4.6791,25,0,2034-01-08
IPCA,2021-11-16,N,3.8304,3.7313,0.4185,3.175,4.9068,40,1,2034-01-15
IPCA,2021-11-16,S,3.7257,3.6362,0.3559,3.187,4.6289,28,1,2034-01-22
IPCA,2021-11-16,N,3.7855,3.7217,0.404,2.989,4.9068,79,0,2034-01-29
IPCA,2021-11-16,S,3.7257,3.6362,0.3559,3.187,4.6289,28,0,2034-02-05
IPCA,2021-11-17,N,3.8269,3.744,0.4147,3.175,4.9068,40,1,2034-02-12
IPCA,2021-11-17,S,3.7343,3.7406,0.3506,3.1888,4.6164,29,1,2034-02-19
IPCA,2021-11-17,N,3.789,3.7408,0.4021,2.989,4.9068,80,0,2034-02-26
IPCA,2021-11-17,S,3.7343,3.7406,0.3506,3.1888,4.6164,29,0,2034-03-05
IPCA,2021-11-18,N,3.7631,3.7409,0.3708,3.1533,4.9068,43,1,2034-03-12
IPCA,2021-11-18,S,3.7035,3.7398,0.3327,3.1533,4.4079,33,1,2034-03-19
IPCA,2021-11-18,N,3.7877,3.7408,0.4072,2.989,4.9068,82,0,2034-03-26
IPCA,2021-11-18,S,3.7355,3.7483,0.3653,3.1533,4.6039,36,0,2034-04-02
IPCA,2021-11-19,N,3.7979,3.747,0.4232,3.0309,5.2084,71,1,2034-04-09
IPCA,2021-11-19,S,3.7471,3.7635,0.4095,3.0239,5.2084,59,1,2034-04-16
IPCA,2021-11-19,N,3.7945,3.726,0.4352,2.989,5.2084,86,0,2034-04-23
IPCA,2021-11-19,S,3.7427,3.7635,0.4051,3.0239,5.2084,61,0,2034-04-30
IPCA,2021-11-22,N,3.7778,3.7217,0.391,3.0309,4.728,71,1,2034-05-07
IPCA,2021-11-22,S,3.7097,3.6717,0.3622,3.0065,4.7009,60,1,2034-05-14
IPCA,2021-11-22,N,3.7764,3.7212,0.4108,2.989,4.9068,86,0,2034-05-21
IPCA,2021-11-22,S,3.7016,3.6717,0.3554,3.0065,4.7009,64,0,2034-05-28
IPCA,2021-11-23,N,3.7915,3.7302,0.392,3.0309,4.728,71,1,2034-06-04
IPCA,2021-11-23,S,3.7228,3.7219,0.3641,3.0007,4.6988,60,1,2034-06-11
IPCA,2021-11-23,N,3.785,3.7217,0.41,2.989,4.9068,87,0,2034-06-18
IPCA,2021-11-23,S,3.7106,3.6822,0.3561,3.0007,4.6988,65,0,2034-06-25
IPCA,2021-11-24,N,3.7851,3.7217,0.3939,3.0309,4.728,69,1,2034-07-02
IPCA,2021-11-24,S,3.7124,3.6689,0.3658,2.9948,4.6967,58,1,2034-07-09
IPCA,2021-11-24,N,3.7739,3.7217,0.392,2.989,4.728,87,0,2034-07-16
IPCA,2021-11-24,S,3.7103,3.7072,0.3527,2.9948,4.6967,66,0,2034-07-23
IPCA,2021-11-25,N,3.7793,3.7212,0.4014,3.0309,4.728,66,1,2034-07-30
IPCA,2021-11-25,S,3.7013,3.642,0.3698,2.989,4.6946,56,1,2034-08-06
IPCA,2021-11-25,N,3.7771,3.7212,0.4007,2.989,4.728,86,0,2034-08-13
IPCA,2021-11-25,S,3.7154,3.7055,0.3626,2.989,4.6946,66,0,2034-08-20
IPCA,2021-11-26,N,3.8052,3.6962,0.4705,3.175,5.1707,27,1,2034-08-27
IPCA,2021-11-26,S,3.776,3.6368,0.4836,3.2042,5.1267,24,1,2034-09-03
IPCA,2021-11-26,N,3.7707,3.7146,0.4156,2.989,5.1707,86,0,2034-09-10
IPCA,2021-11-26,S,3.7118,3.6739,0.3886,2.9832,5.1267,67,0,2034-09-17
IPCA,2021-11-29,N,3.7668,3.7024,0.4379,2.989,5.1707,28,1,2034-09-24
IPCA,2021-11-29,S,3.737,3.6368,0.4353,3.2122,5.1189,24,1,2034-10-01
IPCA,2021-11-29,N,3.7688,3.7217,0.4103,2.989,5.1707,87,0,2034-10-08
IPCA,2021-11-29,S,3.6927,3.6584,0.3796,2.9658,5.1189,69,0,2034-10-15
IPCA,2021-11-30,N,3.76,3.7086,0.4366,2.989,5.1707,27,1,2034-10-22
IPCA,2021-11-30,S,3.7227,3.6815,0.4302,3.2053,5.1163,23,1,2034-10-29
IPCA,2021-11-30,N,3.7688,3.7217,0.4103,2.989,5.1707,87,0,2034-11-05
IPCA,2021-11-30,S,3.6892,3.6584,0.379,2.9599,5.1163,69,0,2034-11-12
IPCA,2021-12-01,N,3.7306,3.683,0.4174,2.989,5.1707,32,1,2034-11-19
IPCA,2021-12-01,S,3.6821,3.5961,0.4046,3.1985,5.1137,28,1,2034-11-26
IPCA,2021-12-01,N,3.7676,3.7152,0.4078,2.989,5.1707,88,0,2034-12-03
IPCA,2021-12-01,S,3.6853,3.6338,0.375,2.9541,5.1137,70,0,2034-12-10
IPCA,2021-12-02,N,3.7122,3.5918,0.4086,2.989,5.1707,36,1,2034-12-17
IPCA,2021-12-02,S,3.6442,3.5413,0.3829,3.1916,5.1111,32,1,2034-12-24
IPCA,2021-12-02,N,3.7566,3.698,0.4051,2.989,5.1707,88,0,2034-12-31
IPCA,2021-12-02,S,3.6751,3.5833,0.3743,2.9483,5.1111,71,0,2035-01-07
IPCA,2021-12-03,N,3.7289,3.6962,0.3647,2.8964,4.8939,71,1,2035-01-14
IPCA,2021-12-03,S,3.6139,3.5837,0.3012,2.7979,4.518,63,1,2035-01-21
IPCA,2021-12-03,N,3.7854,3.7313,0.4026,2.8964,5.1707,90,0,2035-01-28
IPCA,2021-12-03,S,3.6848,3.662,0.3742,2.7979,5.1085,74,0,2035-02-04
IPCA,2021-12-06,N,3.7522,3.6997,0.3675,2.8964,4.8939,67,1,2035-02-11
IPCA,2021-12-06,S,3.6139,3.5954,0.3056,2.7856,4.4711,61,1,2035-02-18
IPCA,2021-12-06,N,3.7906,3.7289,0.4043,2.8964,5.1707,88,0,2035-02-25
IPCA,2021-12-06,S,3.6681,3.6285,0.3732,2.7856,5.1007,74,0,2035-03-04
IPCA,2021-12-07,N,3.7554,3.6951,0.3746,2.8964,4.8939,70,1,2035-03-11
IPCA,2021-12-07,S,3.6186,3.5957,0.3215,2.7815,4.523,64,1,2035-03-18
IPCA,2021-12-07,N,3.7898,3.7217,0.4053,2.8964,5.1707,89,0,2035-03-25
IPCA,2021-12-07,S,3.665,3.6135,0.3742,2.7815,5.0981,75,0,2035-04-01
IPCA,2021-12-08,N,3.7853,3.8081,0.4006,2.8964,4.8939,70,1,2035-04-08
IPCA,2021-12-08,S,3.6463,3.6399,0.3584,2.7774,4.6676,64,1,2035-04-15
IPCA,2021-12-08,N,3.796,3.7361,0.4086,2.8964,5.1707,91,0,2035-04-22
IPCA,2021-12-08,S,3.6691,3.6233,0.379,2.7774,5.0955,77,0,2035-04-29
IPCA,2021-12-09,N,3.7916,3.8436,0.4068,2.8964,4.8939,65,1,2035-05-06
IPCA,2021-12-09,S,3.6518,3.6582,0.3659,2.7733,4.6655,60,1,2035-05-13
IPCA,2021-12-09,N,3.7917,3.7289,0.4088,2.8964,5.1707,90,0,2035-05-20
IPCA,2021-12-09,S,3.6651,3.6178,0.3787,2.7733,5.0929,77,0,2035-05-27
IPCA,2021-12-10,N,3.6732,3.6537,0.4,2.7836,4.6655,35,1,2035-06-03
IPCA,2021-12-10,S,3.6687,3.6524,0.3984,2.7747,4.6603,35,1,2035-06-10
IPCA,2021-12-10,N,3.671,3.6358,0.378,2.7836,5.0929,80,0,2035-06-17
IPCA,2021-12-10,S,3.6621,3.6142,0.3779,2.7747,5.089,79,0,2035-06-24
IPCA,2021-12-13,N,3.6699,3.6528,0.3928,2.7836,4.6655,36,1,2035-07-01
IPCA,2021-12-13,S,3.6522,3.6444,0.3881,2.7481,4.6448,36,1,2035-07-08
IPCA,2021-12-13,N,3.6723,3.6402,0.3788,2.7836,5.0929,80,0,2035-07-15
IPCA,2021-12-13,S,3.6455,3.611,0.3743,2.7481,5.077,79,0,2035-07-22
IPCA,2021-12-14,N,3.6514,3.6885,0.3713,2.7836,4.6655,35,1,2035-07-29
IPCA,2021-12-14,S,3.6256,3.6747,0.3671,2.7392,4.6396,35,1,2035-08-05
IPCA,2021-12-14,N,3.6742,3.6626,0.3768,2.7836,5.0929,81,0,2035-08-12
IPCA,2021-12-14,S,3.6399,3.6047,0.3715,2.7392,5.073,80,0,2035-08-19
IPCA,2021-12-15,N,3.6067,3.5978,0.3319,2.7836,4.3318,35,1,2035-08-26
IPCA,2021-12-15,S,3.5753,3.5794,0.3272,2.7303,4.3071,35,1,2035-09-02
IPCA,2021-12-15,N,3.6729,3.6402,0.3747,2.7836,5.0929,82,0,2035-09-09
IPCA,2021-12-15,S,3.6324,3.5957,0.3682,2.7303,5.069,81,0,2035-09-16
IPCA,2021-12-16,N,3.6321,3.6075,0.3601,2.7836,4.5206,36,1,2035-09-23
IPCA,2021-12-16,S,3.5939,3.5918,0.3517,2.7215,4.4284,36,1,2035-09-30
IPCA,2021-12-16,N,3.6729,3.6402,0.3747,2.7836,5.0929,82,0,2035-10-07
IPCA,2021-12-16,S,3.6256,3.5921,0.366,2.7215,5.065,81,0,2035-10-14
IPCA,2021-12-17,N,3.6154,3.5044,0.396,2.7836,4.6866,35,1,2035-10-21
IPCA,2021-12-17,S,3.5724,3.4555,0.3889,2.7126,4.685,35,1,2035-10-28
IPCA,2021-12-17,N,3.6707,3.6085,0.3805,2.7836,5.0929,84,0,2035-11-04
IPCA,2021-12-17,S,3.6175,3.5733,0.3735,2.7126,5.061,83,0,2035-11-11
IPCA,2021-12-20,N,3.6186,3.5093,0.3924,2.7836,4.6866,36,1,2035-11-18
IPCA,2021-12-20,S,3.5677,3.4625,0.3866,2.686,4.6844,36,1,2035-11-25
IPCA,2021-12-20,N,3.674,3.6178,0.3786,2.7836,5.0929,85,0,2035-12-02
IPCA,2021-12-20,S,3.6023,3.5657,0.3703,2.686,5.049,84,0,2035-12-09
IPCA,2021-12-21,N,3.637,3.5664,0.3863,2.7836,4.6866,41,1,2035-12-16
IPCA,2021-12-21,S,3.5839,3.4891,0.3796,2.6771,4.6841,41,1,2035-12-23
IPCA,2021-12-21,N,3.6735,3.6127,0.3737,2.7836,5.0929,88,0,2035-12-30
IPCA,2021-12-21,S,3.5962,3.5644,0.3639,2.6771,5.045,87,0,2036-01-06
IPCA,2021-12-22,N,3.6206,3.5044,0.3899,2.7836,4.6866,41,1,2036-01-13
IPCA,2021-12-22,S,3.5621,3.4283,0.383,2.6683,4.6839,41,1,2036-01-20
IPCA,2021-12-22,N,3.6711,3.6038,0.3738,2.7836,5.0929,88,0,2036-01-27
IPCA,2021-12-22,S,3.5871,3.558,0.3639,2.6683,5.0411,87,0,2036-02-03
IPCA,2021-12-23,N,3.5717,3.4827,0.3481,2.7836,4.6866,49,1,2036-02-10
IPCA,2021-12-23,S,3.5025,3.4097,0.3497,2.6594,4.6837,49,1,2036-02-17
IPCA,2021-12-23,N,3.6698,3.6127,0.3772,2.7836,5.0929,88,0,2036-02-24
IPCA,2021-12-23,S,3.5793,3.555,0.3669,2.6594,5.0371,87,0,2036-03-02
IPCA,2021-12-24,N,3.5988,3.5715,0.3623,2.7836,5.0929,46,1,2036-03-09
IPCA,2021-12-24,S,3.516,3.4652,0.3699,2.6505,5.0331,46,1,2036-03-16
IPCA,2021-12-24,N,3.6617,3.6076,0.3737,2.7836,5.0929,89,0,2036-03-23
IPCA,2021-12-24,S,3.5661,3.524,0.3637,2.6505,5.0331,88,0,2036-03-30
IPCA,2021-12-27,N,3.5969,3.5474,0.3552,2.7836,5.0929,49,1,2036-04-06
IPCA,2021-12-27,S,3.4923,3.4429,0.362,2.624,5.0211,49,1,2036-04-13
IPCA,2021-12-27,N,3.6635,3.6076,0.3745,2.7836,5.0929,89,0,2036-04-20
IPCA,2021-12-27,S,3.5485,3.4983,0.3641,2.624,5.0211,88,0,2036-04-27
IPCA,2021-12-28,N,3.5827,3.5196,0.3621,2.7836,5.0929,46,1,2036-05-04
IPCA,2021-12-28,S,3.4802,3.4003,0.372,2.6151,5.0171,46,1,2036-05-11
IPCA,2021-12-28,N,3.6642,3.6076,0.3748,2.7836,5.0929,89,0,2036-05-18
IPCA,2021-12-28,S,3.5425,3.4978,0.3644,2.6151,5.0171,88,0,2036-05-25
IPCA,2021-12-29,N,3.6104,3.5715,0.3633,2.7836,5.0929,44,1,2036-06-01
IPCA,2021-12-29,S,3.4909,3.4494,0.3756,2.6062,5.0131,44,1,2036-06-08
IPCA,2021-12-29,N,3.664,3.6076,0.3747,2.7836,5.0929,89,0,2036-06-15
IPCA,2021-12-29,S,3.5362,3.4808,0.3646,2.6062,5.0131,88,0,2036-06-22
IPCA,2021-12-30,N,3.6671,3.7053,0.4015,2.7836,5.0929,30,1,2036-06-29
IPCA,2021-12-30,S,3.5728,3.5625,0.4177,2.5974,5.0091,30,1,2036-07-06
IPCA,2021-12-30,N,3.6714,3.6178,0.3756,2.7836,5.0929,89,0,2036-07-13
IPCA,2021-12-30,S,3.5441,3.4995,0.3666,2.5974,5.0091,88,0,2036-07-20
IPCA,2021-12-31,N,3.6468,3.711,0.2979,3.2239,4.1659,21,1,2036-07-27
IPCA,2021-12-31,S,3.5582,3.5659,0.314,3.0167,4.1206,21,1,2036-08-03
IPCA,2021-12-31,N,3.6714,3.6178,0.3756,2.7836,5.0929,89,0,2036-08-10
IPCA,2021-12-31,S,3.5382,3.4972,0.3671,2.5885,5.0051,88,0,2036-08-17
IPCA,2022-01-03,N,3.6239,3.5999,0.2891,3.1532,4.1659,27,1,2036-08-24
IPCA,2022-01-03,S,3.5161,3.5013,0.3036,2.9877,4.1144,27,1,2036-08-31
IPCA,2022-01-03,N,3.6511,3.5978,0.3826,2.7836,5.0929,79,0,2036-09-07
IPCA,2022-01-03,S,3.5149,3.4371,0.3789,2.562,4.9932,79,0,2036-09-14
IPCA,2022-01-04,N,3.5691,3.5342,0.2681,3.1532,4.1659,27,1,2036-09-21
IPCA,2022-01-04,S,3.4467,3.3612,0.2752,2.978,4.1123,27,1,2036-09-28
IPCA,2022-01-04,N,3.6458,3.5978,0.3798,2.7836,5.0929,81,0,2036-10-05
IPCA,2022-01-04,S,3.5036,3.3989,0.377,2.5531,4.9892,81,0,2036-10-12
IPCA,2022-01-05,N,3.5794,3.509,0.2752,3.1532,4.1659,28,1,2036-10-19
IPCA,2022-01-05,S,3.4502,3.35,0.2781,2.9683,4.1103,28,1,2036-10-26
IPCA,2022-01-05,N,3.6458,3.5978,0.3798,2.7836,5.0929,81,0,2036-11-02
IPCA,2022-01-05,S,3.4981,3.3924,0.378,2.5443,4.9852,81,0,2036-11-09
IPCA,2022-01-06,N,3.5468,3.4808,0.2377,3.1532,4.0102,24,1,2036-11-16
IPCA,2022-01-06,S,3.38,3.307,0.2316,2.9587,3.8263,24,1,2036-11-23
IPCA,2022-01-06,N,3.6394,3.5967,0.3778,2.7836,5.0929,80,0,2036-11-30
IPCA,2022-01-06,S,3.4916,3.376,0.3814,2.5354,4.9812,80,0,2036-12-07
IPCA,2022-01-07,N,3.6363,3.5989,0.3082,3.1532,4.6119,46,1,2036-12-14
IPCA,2022-01-07,S,3.4787,3.3619,0.2974,2.949,4.3014,46,1,2036-12-21
IPCA,2022-01-07,N,3.6498,3.5989,0.381,2.7836,5.0929,86,0,2036-12-28
IPCA,2022-01-07,S,3.4937,3.3723,0.3798,2.5265,4.9772,86,0,2037-01-04
IPCA,2022-01-10,N,3.6807,3.6885,0.3304,3.1326,4.6119,41,1,2037-01-11
IPCA,2022-01-10,S,3.4986,3.4,0.3188,2.92,4.2693,41,1,2037-01-18
IPCA,2022-01-10,N,3.6433,3.5978,0.3734,2.7836,5.0929,85,0,2037-01-25
IPCA,2022-01-10,S,3.4746,3.3603,0.3728,2.5,4.9653,85,0,2037-02-01
IPCA,2022-01-11,N,3.4896,3.3802,0.3201,2.92,4.2693,42,1,2037-02-08
IPCA,2022-01-11,S,3.2586,3.2676,0.0368,3.2,3.2993,4,1,2037-02-15
IPCA,2022-01-11,N,3.4712,3.3523,0.3722,2.5,4.9653,86,0,2037-02-22
IPCA,2022-01-11,S,3.2586,3.2676,0.0368,3.2,3.2993,4,0,2037-03-01
IPCA,2022-01-12,N,3.4838,3.3603,0.3185,2.92,4.2693,43,1,2037-03-08
IPCA,2022-01-12,S,3.2689,3.2866,0.0374,3.2,3.3,5,1,2037-03-15
IPCA,2022-01-12,N,3.4712,3.3523,0.3722,2.5,4.9653,86,0,2037-03-22
IPCA,2022-01-12,S,3.2689,3.2866,0.0374,3.2,3.3,5,0,2037-03-29
IPCA,2022-01-13,N,3.4625,3.305,0.3132,2.92,4.2693,48,1,2037-04-05
IPCA,2022-01-13,S,3.4132,3.2978,0.2938,3.2,4.1445,9,1,2037-04-12
IPCA,2022-01-13,N,3.4727,3.3442,0.3745,2.5,4.9653,87,0,2037-04-19
IPCA,2022-01-13,S,3.4132,3.2978,0.2938,3.2,4.1445,9,0,2037-04-26
IPCA,2022-01-14,N,3.453,3.3,0.3516,3.0,4.68,42,1,2037-05-03
IPCA,2022-01-14,S,3.4806,3.3057,0.4002,3.0482,4.6857,19,1,2037-05-10
IPCA,2022-01-14,N,3.4769,3.347,0.3766,2.5,4.9653,88,0,2037-05-17
IPCA,2022-01-14,S,3.4806,3.3057,0.4002,3.0482,4.6857,19,0,2037-05-24
IPCA,2022-01-17,N,3.4212,3.3,0.3637,2.5,4.68,48,1,2037-05-31
IPCA,2022-01-17,S,3.4425,3.3124,0.3577,3.0536,4.6901,25,1,2037-06-07
IPCA,2022-01-17,N,3.4702,3.3415,0.3772,2.5,4.9653,86,0,2037-06-14
IPCA,2022-01-17,S,3.4425,3.3124,0.3577,3.0536,4.6901,25,0,2037-06-21
IPCA,2022-01-18,N,3.4772,3.337,0.3855,2.5,4.68,48,1,2037-06-28
IPCA,2022-01-18,S,3.4854,3.3313,0.381,3.0553,4.6915,26,1,2037-07-05
IPCA,2022-01-18,N,3.4726,3.344,0.3765,2.5,4.9653,87,0,2037-07-12
IPCA,2022-01-18,S,3.4736,3.3313,0.3697,3.0553,4.6915,28,0,2037-07-19
IPCA,2022-01-19,N,3.4731,3.347,0.3919,2.5,4.68,48,1,2037-07-26
IPCA,2022-01-19,S,3.4925,3.3521,0.3793,3.0553,4.6929,26,1,2037-08-02
IPCA,2022-01-19,N,3.467,3.337,0.378,2.5,4.9653,88,0,2037-08-09
IPCA,2022-01-19,S,3.4742,3.3383,0.3632,3.0553,4.6929,29,0,2037-08-16
IPCA,2022-01-20,N,3.4524,3.344,0.3804,2.5,4.68,49,1,2037-08-23
IPCA,2022-01-20,S,3.4321,3.3301,0.3556,2.9475,4.6944,28,1,2037-08-30
IPCA,2022-01-20,N,3.4606,3.335,0.3718,2.5,4.9653,90,0,2037-09-06
IPCA,2022-01-20,S,3.447,3.3394,0.3552,2.9475,4.6944,33,0,2037-09-13
IPCA,2022-01-21,N,3.4885,3.4199,0.3569,2.49,4.5722,75,1,2037-09-20
IPCA,2022-01-21,S,3.5025,3.4334,0.3191,2.9433,4.4647,52,1,2037-09-27
IPCA,2022-01-21,N,3.4908,3.3802,0.3654,2.49,4.68,98,0,2037-10-04
IPCA,2022-01-21,S,3.5179,3.4238,0.3607,2.9433,4.6958,57,0,2037-10-11
IPCA,2022-01-24,N,3.4967,3.4365,0.3581,2.49,4.5722,80,1,2037-10-18
IPCA,2022-01-24,S,3.5196,3.443,0.3234,2.9305,4.4594,53,1,2037-10-25
IPCA,2022-01-24,N,3.4946,3.4,0.3635,2.49,4.68,99,0,2037-11-01
IPCA,2022-01-24,S,3.518,3.4319,0.3578,2.9305,4.7001,58,0,2037-11-08
IPCA,2022-01-25,N,3.5038,3.4633,0.363,2.49,4.5722,76,1,2037-11-15
IPCA,2022-01-25,S,3.5257,3.4644,0.3262,2.9263,4.4576,50,1,2037-11-22
IPCA,2022-01-25,N,3.4946,3.4,0.3635,2.49,4.68,99,0,2037-11-29
IPCA,2022-01-25,S,3.5178,3.4304,0.3579,2.9263,4.7016,58,0,2037-12-06
IPCA,2022-01-26,N,3.5109,3.4633,0.3627,2.49,4.5722,74,1,2037-12-13
IPCA,2022-01-26,S,3.5261,3.443,0.3293,2.9221,4.4559,49,1,2037-12-20
IPCA,2022-01-26,N,3.4946,3.4,0.3635,2.49,4.68,99,0,2037-12-27
IPCA,2022-01-26,S,3.5176,3.429,0.3581,2.9221,4.703,58,0,2038-01-03
IPCA,2022-01-27,N,3.5219,3.4718,0.3744,2.49,4.5722,80,1,2038-01-10
IPCA,2022-01-27,S,3.5286,3.443,0.3243,2.9178,4.4541,51,1,2038-01-17
IPCA,2022-01-27,N,3.5127,3.453,0.3727,2.49,4.68,101,0,2038-01-24
IPCA,2022-01-27,S,3.5249,3.4367,0.3512,2.9178,4.7045,60,0,2038-01-31
IPCA,2022-01-28,N,3.5385,3.5,0.3595,2.49,4.739,90,1,2038-02-07
IPCA,2022-01-28,S,3.529,3.4824,0.2945,2.9136,4.1548,59,1,2038-02-14
IPCA,2022-01-28,N,3.5425,3.4971,0.3755,2.49,4.739,104,0,2038-02-21
IPCA,2022-01-28,S,3.551,3.4868,0.3446,2.9136,4.7059,66,0,2038-02-28
IPCA,2022-01-31,N,3.5448,3.5,0.3685,2.49,4.739,86,1,2038-03-07
IPCA,2022-01-31,S,3.5526,3.4831,0.3261,2.9008,4.5415,58,1,2038-03-14
IPCA,2022-01-31,N,3.5441,3.4971,0.3787,2.49,4.739,104,0,2038-03-21
IPCA,2022-01-31,S,3.5658,3.489,0.3662,2.9008,4.7102,67,0,2038-03-28
IPCA,2022-02-01,N,3.5428,3.5,0.367,2.49,4.739,87,1,2038-04-04
IPCA,2022-02-01,S,3.5542,3.4834,0.3248,2.8966,4.544,58,1,2038-04-11
IPCA,2022-02-01,N,3.5452,3.4971,0.3781,2.49,4.739,104,0,2038-04-18
IPCA,2022-02-01,S,3.5669,3.4883,0.3654,2.8966,4.7117,67,0,2038-04-25
IPCA,2022-02-02,N,3.5513,3.5,0.3689,2.49,4.739,87,1,2038-05-02
IPCA,2022-02-02,S,3.5589,3.4909,0.326,2.8924,4.5466,58,1,2038-05-09
IPCA,2022-02-02,N,3.5465,3.4971,0.3794,2.49,4.739,104,0,2038-05-16
IPCA,2022-02-02,S,3.5678,3.488,0.3663,2.8924,4.7131,67,0,2038-05-23
IPCA,2022-02-03,N,3.5869,3.5005,0.3906,2.49,4.739,76,1,2038-05-30
IPCA,2022-02-03,S,3.5835,3.5,0.3368,2.8881,4.5491,52,1,2038-06-06
IPCA,2022-02-03,N,3.5645,3.5,0.3887,2.49,4.739,105,0,2038-06-13
IPCA,2022-02-03,S,3.5765,3.4976,0.3682,2.8881,4.7145,67,0,2038-06-20
IPCA,2022-02-04,N,3.5947,3.4221,0.4564,2.99,4.5207,36,1,2038-06-27
IPCA,2022-02-04,S,3.566,3.443,0.4298,2.8839,4.5516,25,1,2038-07-04
IPCA,2022-02-04,N,3.5661,3.5,0.3924,2.49,4.739,106,0,2038-07-11
IPCA,2022-02-04,S,3.5824,3.5,0.3758,2.8839,4.716,67,0,2038-07-18
IPCA,2022-02-07,N,3.5489,3.4006,0.4054,3.0102,4.5207,36,1,2038-07-25
IPCA,2022-02-07,S,3.5378,3.443,0.3437,2.9612,4.1946,21,1,2038-08-01
IPCA,2022-02-07,N,3.5641,3.5,0.3909,2.49,4.739,106,0,2038-08-08
IPCA,2022-02-07,S,3.5803,3.5,0.3763,2.8711,4.7203,67,0,2038-08-15
IPCA,2022-02-08,N,3.5316,3.3556,0.4042,3.0102,4.5207,38,1,2038-08-22
IPCA,2022-02-08,S,3.5212,3.443,0.3547,2.9563,4.1874,21,1,2038-08-29
IPCA,2022-02-08,N,3.5622,3.5,0.3921,2.49,4.739,106,0,2038-09-05
IPCA,2022-02-08,S,3.5781,3.5,0.3783,2.8669,4.7217,67,0,2038-09-12
IPCA,2022-02-09,N,3.5523,3.454,0.3616,2.9563,4.1874,24,1,2038-09-19
IPCA,2022-02-09,S,3.6336,3.6336,0.3265,3.3071,3.96,2,1,2038-09-26
IPCA,2022-02-09,N,3.5775,3.4971,0.3793,2.8669,4.7217,68,0,2038-10-03
IPCA,2022-02-09,S,3.6336,3.6336,0.3265,3.3071,3.96,2,0,2038-10-10
IPCA,2022-02-10,N,3.5701,3.465,0.3727,2.9563,4.1874,23,1,2038-10-17
IPCA,2022-02-10,S,3.7951,3.9651,0.3454,3.3054,4.1619,5,1,2038-10-24
IPCA,2022-02-10,N,3.576,3.4971,0.377,2.8669,4.7217,68,0,2038-10-31
IPCA,2022-02-10,S,3.7951,3.9651,0.3454,3.3054,4.1619,5,0,2038-11-07
IPCA,2022-02-11,N,3.6353,3.5581,0.3755,3.0925,4.7317,32,1,2038-11-14
IPCA,2022-02-11,S,3.6804,3.6605,0.3961,3.0893,4.7348,21,1,2038-11-21
IPCA,2022-02-11,N,3.5788,3.4833,0.3755,2.8669,4.7317,69,0,2038-11-28
IPCA,2022-02-11,S,3.6804,3.6605,0.3961,3.0893,4.7348,21,0,2038-12-05
IPCA,2022-02-14,N,3.6778,3.6277,0.3868,3.0925,4.7317,35,1,2038-12-12
IPCA,2022-02-14,S,3.644,3.5926,0.3808,3.0759,4.738,24,1,2038-12-19
IPCA,2022-02-14,N,3.5957,3.4941,0.3904,2.8669,4.7317,69,0,2038-12-26
IPCA,2022-02-14,S,3.644,3.5926,0.3808,3.0759,4.738,24,0,2039-01-02
IPCA,2022-02-15,N,3.6973,3.6277,0.4036,3.0925,4.7317,37,1,2039-01-09
IPCA,2022-02-15,S,3.6166,3.566,0.3786,3.0715,4.739,26,1,2039-01-16
IPCA,2022-02-15,N,3.596,3.5,0.3903,2.8669,4.7317,69,0,2039-01-23
IPCA,2022-02-15,S,3.6166,3.566,0.3786,3.0715,4.739,26,0,2039-01-30
IPCA,2022-02-16,N,3.6855,3.6331,0.3879,3.0925,4.7317,38,1,2039-02-06
IPCA,2022-02-16,S,3.6221,3.6085,0.3458,3.067,4.7401,29,1,2039-02-13
IPCA,2022-02-16,N,3.6003,3.52,0.3865,2.8669,4.7317,70,0,2039-02-20
IPCA,2022-02-16,S,3.6346,3.6193,0.3465,3.067,4.7401,30,0,2039-02-27
IPCA,2022-02-17,N,3.6533,3.6277,0.3648,3.0925,4.7317,37,1,2039-03-06
IPCA,2022-02-17,S,3.5998,3.5834,0.3413,3.0626,4.7411,28,1,2039-03-13
IPCA,2022-02-17,N,3.5912,3.5399,0.3747,2.8669,4.7317,69,0,2039-03-20
IPCA,2022-02-17,S,3.629,3.6176,0.3475,3.0626,4.7411,30,0,2039-03-27
IPCA,2022-02-18,N,3.621,3.5865,0.3477,3.0357,4.5616,54,1,2039-04-03
IPCA,2022-02-18,S,3.5952,3.5902,0.3227,3.0254,4.3271,48,1,2039-04-10
IPCA,2022-02-18,N,3.6173,3.5709,0.355,3.0357,4.7317,72,0,2039-04-17
IPCA,2022-02-18,S,3.6245,3.6128,0.3567,3.0254,4.7421,54,0,2039-04-24
IPCA,2022-02-21,N,3.6227,3.5865,0.3414,3.0357,4.5616,56,1,2039-05-01
IPCA,2022-02-21,S,3.5957,3.5964,0.3148,3.0223,4.312,49,1,2039-05-08
IPCA,2022-02-21,N,3.6173,3.5709,0.355,3.0357,4.7317,72,0,2039-05-15
IPCA,2022-02-21,S,3.6147,3.5964,0.3547,3.0223,4.7453,55,0,2039-05-22
IPCA,2022-02-22,N,3.6004,3.5762,0.3118,3.0357,4.3775,57,1,2039-05-29
IPCA,2022-02-22,S,3.5868,3.5781,0.308,3.0213,4.307,50,1,2039-06-05
IPCA,2022-02-22,N,3.6181,3.5754,0.3482,3.0357,4.7317,73,0,2039-06-12
IPCA,2022-02-22,S,3.6136,3.5808,0.3483,3.0213,4.7463,55,0,2039-06-19
IPCA,2022-02-23,N,3.6018,3.5754,0.3194,3.0357,4.3775,53,1,2039-06-26
IPCA,2022-02-23,S,3.579,3.5515,0.3144,3.0203,4.3019,47,1,2039-07-03
IPCA,2022-02-23,N,3.6215,3.5754,0.3462,3.0357,4.7317,73,0,2039-07-10
IPCA,2022-02-23,S,3.6118,3.5786,0.3445,3.0203,4.7474,56,0,2039-07-17
IPCA,2022-02-24,N,3.5879,3.5676,0.3098,3.0357,4.3775,53,1,2039-07-24
IPCA,2022-02-24,S,3.5651,3.5504,0.3091,3.0193,4.2969,47,1,2039-07-31
IPCA,2022-02-24,N,3.6162,3.5676,0.3433,3.0357,4.7317,75,0,2039-08-07
IPCA,2022-02-24,S,3.6039,3.5629,0.3403,3.0193,4.7484,58,0,2039-08-14
IPCA,2022-02-25,N,3.6729,3.5774,0.3537,3.1129,4.7317,28,1,2039-08-21
IPCA,2022-02-25,S,3.6566,3.5517,0.3651,3.0431,4.7495,25,1,2039-08-28
IPCA,2022-02-25,N,3.6098,3.5664,0.3431,3.0357,4.7317,77,0,2039-09-04
IPCA,2022-02-25,S,3.5936,3.5517,0.3401,3.0182,4.7495,63,0,2039-09-11
IPCA,2022-03-02,N,3.6561,3.5672,0.3619,3.1129,4.7317,28,1,2039-09-18
IPCA,2022-03-02,S,3.6236,3.5478,0.3733,3.0226,4.7547,26,1,2039-09-25
IPCA,2022-03-02,N,3.6161,3.5672,0.3492,3.0357,4.7317,72,0,2039-10-02
IPCA,2022-03-02,S,3.5879,3.552,0.3394,3.0131,4.7547,64,0,2039-10-09
IPCA,2022-03-03,N,3.6509,3.5563,0.3728,3.1129,4.7317,28,1,2039-10-16
IPCA,2022-03-03,S,3.6145,3.5538,0.3751,3.0185,4.7557,27,1,2039-10-23
IPCA,2022-03-03,N,3.6193,3.5754,0.3445,3.0357,4.7317,75,0,2039-10-30
IPCA,2022-03-03,S,3.5906,3.5592,0.3327,3.0121,4.7557,67,0,2039-11-06
IPCA,2022-03-04,N,3.6356,3.5561,0.3712,3.0925,4.7317,32,1,2039-11-13
IPCA,2022-03-04,S,3.5991,3.5417,0.3612,3.0144,4.7568,32,1,2039-11-20
IPCA,2022-03-04,N,3.6162,3.5676,0.341,3.0357,4.7317,77,0,2039-11-27
IPCA,2022-03-04,S,3.5839,3.5522,0.3275,3.0111,4.7568,70,0,2039-12-04
IPCA,2022-03-07,N,3.6432,3.5662,0.3742,3.0925,4.7317,31,1,2039-12-11
IPCA,2022-03-07,S,3.5956,3.5481,0.3699,3.002,4.7599,31,1,2039-12-18
IPCA,2022-03-07,N,3.6162,3.5676,0.341,3.0357,4.7317,77,0,2039-12-25
IPCA,2022-03-07,S,3.5808,3.5517,0.3291,3.002,4.7599,70,0,2040-01-01
IPCA,2022-03-08,N,3.6492,3.5667,0.2996,3.0925,4.1874,23,1,2040-01-08
IPCA,2022-03-08,S,3.5846,3.5555,0.2802,3.1397,4.2663,23,1,2040-01-15
IPCA,2022-03-08,N,3.6179,3.5754,0.339,3.0357,4.7317,77,0,2040-01-22
IPCA,2022-03-08,S,3.5807,3.5515,0.3291,2.9979,4.7609,70,0,2040-01-29
IPCA,2022-03-09,N,3.6749,3.6042,0.2892,3.0925,4.1874,30,1,2040-02-05
IPCA,2022-03-09,S,3.6159,3.5618,0.2826,3.0993,4.2797,30,1,2040-02-12
IPCA,2022-03-09,N,3.6281,3.5754,0.3381,3.0357,4.7317,79,0,2040-02-19
IPCA,2022-03-09,S,3.5813,3.5467,0.3317,2.9938,4.762,73,0,2040-02-26
IPCA,2022-03-10,N,3.6965,3.6221,0.2612,3.0925,4.1874,31,1,2040-03-04
IPCA,2022-03-10,S,3.6284,3.5521,0.2625,3.2718,4.2932,30,1,2040-03-11
IPCA,2022-03-10,N,3.6408,3.5762,0.3271,3.0357,4.7317,79,0,2040-03-18
IPCA,2022-03-10,S,3.5918,3.546,0.3214,2.9897,4.763,73,0,2040-03-25
IPCA,2022-03-11,N,3.6761,3.6183,0.368,2.9897,4.763,66,1,2040-04-01
IPCA,2022-03-11,S,3.6726,3.606,0.3843,2.9883,4.7656,40,1,2040-04-08
IPCA,2022-03-11,N,3.6744,3.6183,0.3619,2.9897,4.763,76,0,2040-04-15
IPCA,2022-03-11,S,3.6726,3.606,0.3843,2.9883,4.7656,40,0,2040-04-22
IPCA,2022-03-14,N,3.673,3.6267,0.3661,2.9897,4.763,70,1,2040-04-29
IPCA,2022-03-14,S,3.6682,3.6181,0.3702,2.9839,4.7735,45,1,2040-05-06
IPCA,2022-03-14,N,3.6712,3.6267,0.3619,2.9897,4.763,78,0,2040-05-13
IPCA,2022-03-14,S,3.6682,3.6181,0.3702,2.9839,4.7735,45,0,2040-05-20
IPCA,2022-03-15,N,3.6693,3.6349,0.3611,2.9897,4.763,69,1,2040-05-27
IPCA,2022-03-15,S,3.6691,3.625,0.3628,2.9824,4.7761,47,1,2040-06-03
IPCA,2022-03-15,N,3.6765,3.6416,0.3568,2.9897,4.763,79,0,2040-06-10
IPCA,2022-03-15,S,3.6691,3.625,0.3628,2.9824,4.7761,47,0,2040-06-17
IPCA,2022-03-16,N,3.6615,3.6184,0.3638,2.9897,4.763,65,1,2040-06-24
IPCA,2022-03-16,S,3.6688,3.6217,0.3631,2.9809,4.7787,47,1,2040-07-01
IPCA,2022-03-16,N,3.6765,3.6416,0.3568,2.9897,4.763,79,0,2040-07-08
IPCA,2022-03-16,S,3.6688,3.6217,0.3631,2.9809,4.7787,47,0,2040-07-15
IPCA,2022-03-17,N,3.6875,3.6416,0.3731,2.9897,4.763,65,1,2040-07-22
IPCA,2022-03-17,S,3.6849,3.6272,0.3688,2.9795,4.7813,49,1,2040-07-29
IPCA,2022-03-17,N,3.6857,3.6503,0.3628,2.9897,4.763,80,0,2040-08-05
IPCA,2022-03-17,S,3.6849,3.6272,0.3688,2.9795,4.7813,49,0,2040-08-12
IPCA,2022-03-18,N,3.7125,3.6591,0.3923,2.9589,4.7285,55,1,2040-08-19
IPCA,2022-03-18,S,3.7296,3.6738,0.4085,2.9472,4.7046,47,1,2040-08-26
IPCA,2022-03-18,N,3.7139,3.659,0.3762,2.9589,4.763,80,0,2040-09-02
IPCA,2022-03-18,S,3.733,3.6738,0.4111,2.9472,4.7839,55,0,2040-09-09
IPCA,2022-03-21,N,3.729,3.7012,0.4192,2.9589,4.7285,55,1,2040-09-16
IPCA,2022-03-21,S,3.7549,3.6912,0.428,2.9428,4.6957,47,1,2040-09-23
IPCA,2022-03-21,N,3.7188,3.6589,0.3909,2.9589,4.763,79,0,2040-09-30
IPCA,2022-03-21,S,3.7495,3.6794,0.4245,2.9428,4.7917,57,0,2040-10-07
IPCA,2022-03-22,N,3.7233,3.6478,0.4175,2.9589,4.7285,56,1,2040-10-14
IPCA,2022-03-22,S,3.7588,3.6896,0.4305,2.9413,4.6927,47,1,2040-10-21
IPCA,2022-03-22,N,3.7194,3.6589,0.3914,2.9589,4.763,79,0,2040-10-28
IPCA,2022-03-22,S,3.7542,3.6854,0.4234,2.9413,4.7944,58,0,2040-11-04
IPCA,2022-03-23,N,3.7218,3.6478,0.4126,2.9589,4.7285,58,1,2040-11-11
IPCA,2022-03-23,S,3.752,3.6874,0.4221,2.9399,4.6898,49,1,2040-11-18
IPCA,2022-03-23,N,3.7218,3.659,0.3896,2.9589,4.763,80,0,2040-11-25
IPCA,2022-03-23,S,3.7488,3.6852,0.417,2.9399,4.797,60,0,2040-12-02
IPCA,2022-03-24,N,3.7391,3.6591,0.4194,2.9589,4.7285,59,1,2040-12-09
IPCA,2022-03-24,S,3.7743,3.6856,0.4261,2.9384,4.6868,50,1,2040-12-16
IPCA,2022-03-24,N,3.7261,3.6591,0.3923,2.9589,4.763,81,0,2040-12-23
IPCA,2022-03-24,S,3.7596,3.6849,0.4181,2.9384,4.7996,63,0,2040-12-30
IPCA,2022-03-25,N,3.8909,3.8419,0.4011,3.0922,4.7285,47,1,2041-01-06
IPCA,2022-03-25,S,3.9384,3.8644,0.406,3.0702,4.6958,38,1,2041-01-13
IPCA,2022-03-25,N,3.7574,3.7022,0.3953,2.9589,4.763,82,0,2041-01-20
IPCA,2022-03-25,S,3.7815,3.7097,0.4194,2.9369,4.8022,67,0,2041-01-27
IPCA,2022-03-28,N,3.8717,3.8022,0.3796,3.0922,4.7285,50,1,2041-02-03
IPCA,2022-03-28,S,3.8936,3.8442,0.403,3.0658,4.7036,41,1,2041-02-10
IPCA,2022-03-28,N,3.7523,3.7022,0.3881,2.9589,4.763,82,0,2041-02-17
IPCA,2022-03-28,S,3.7722,3.7097,0.414,2.9325,4.81,67,0,2041-02-24
